fecha,hora_z,franja,movimientos,comercial,oficial,otros,local,sobrevuelo,ifr,pista_02,pista_20,condicion,vis_m,techo_ft,motivo,hubo_speci,metar,speci,marcado_a_mano
2026-09-01,0,00 a 01,0,0,0,0,0,0,0,0,0,VMC,,,,no,SADM 010000Z 00000KT CAVOK 16/11 Q1017,,no
2026-09-01,1,01 a 02,0,0,0,0,0,0,0,0,0,VMC,,,,no,SADM 010100Z 20007KT CAVOK 15/11 Q1018,,no
2026-09-01,2,02 a 03,0,0,0,0,0,0,0,0,0,VMC,,,,no,SADM 010200Z 16006KT CAVOK 14/12 Q1018,,no
2026-09-01,3,03 a 04,0,0,0,0,0,0,0,0,0,VMC,,,,no,SADM 010300Z 14004KT CAVOK 12/10 Q1019,,no
2026-09-01,4,04 a 05,0,0,0,0,0,0,0,0,0,VMC,,,,no,SADM 010400Z 14003KT CAVOK 13/11 Q1019,,no
2026-09-01,5,05 a 06,0,0,0,0,0,0,0,0,0,VMC,,,,no,COR SADM 010500Z 18002KT 9999 MIFG NSC 11/09 Q1018,,no
2026-09-01,6,06 a 07,0,0,0,0,0,0,0,0,0,VMC,7000,,,no,SADM 010600Z 11002KT 7000 MIFG BR NSC 10/09 Q1018,,no
2026-09-01,7,07 a 08,0,0,0,0,0,0,0,0,0,IMC,8000,400,techo 400 ft,no,SADM 010700Z 18008KT 8000 OVC004 10/09 Q1018,,no
2026-09-01,8,08 a 09,0,0,0,0,0,0,0,0,0,IMC,,700,techo 700 ft,no,SADM 010800Z 16011KT 9999 OVC007 11/09 Q1019,,no
2026-09-01,9,09 a 10,0,0,0,0,0,0,0,0,0,IMC,,500,techo 500 ft,no,SADM 010900Z 16007KT 9999 OVC005 12/10 Q1019,,no
2026-09-01,10,10 a 11,0,0,0,0,0,0,0,0,0,IMC,,500,techo 500 ft,no,SADM 011000Z 14008KT 9999 OVC005 11/10 Q1019,,no
2026-09-01,11,11 a 12,0,0,0,0,0,0,0,0,0,IMC,,600,techo 600 ft,no,SADM 011100Z 15008KT 9999 OVC006 12/09 Q1020,,si
2026-09-01,12,12 a 13,0,0,0,0,0,0,0,0,1,IMC,,700,techo 700 ft,si,SADM 011200Z 14006KT 9999 BKN007 13/11 Q1020,SADM 011235Z 18006KT 9999 FEW010 13/11 Q1021,no
2026-09-01,13,13 a 14,11,0,0,11,0,0,0,0,1,VMC,,,,no,SADM 011300Z 15006KT CAVOK 15/11 Q1021,,no
2026-09-01,14,14 a 15,33,0,0,20,12,1,0,0,1,VMC,,,,no,SADM 011400Z 14005KT CAVOK 17/10 Q1021,,no
2026-09-01,15,15 a 16,33,0,0,24,8,1,0,0,1,VMC,,,,no,SADM 011500Z 12005KT CAVOK 18/10 Q1021,,no
2026-09-01,16,16 a 17,43,0,0,26,16,1,0,0,1,VMC,,,,no,SADM 011600Z 18008KT CAVOK 19/10 Q1020,,no
2026-09-01,17,17 a 18,20,0,1,19,0,0,0,0,1,VMC,,,,no,SADM 011700Z 14005KT CAVOK 20/08 Q1019,,no
2026-09-01,18,18 a 19,39,0,1,24,14,0,0,1,0,VMC,,,,no,SADM 011800Z 11005KT CAVOK 20/01 Q1019,,no
2026-09-01,19,19 a 20,31,0,3,22,6,0,0,1,0,VMC,,,,no,SADM 011900Z 09005KT CAVOK 20/01 Q1018,,no
2026-09-01,20,20 a 21,38,0,0,28,10,0,0,1,0,VMC,,,,no,COR SADM 012000Z 05005KT CAVOK 19/05 Q1019,,no
2026-09-01,21,21 a 22,21,0,0,13,8,0,0,1,0,VMC,,,,no,SADM 012100Z 02004KT CAVOK 18/06 Q1019,,no
2026-09-01,22,22 a 23,0,0,0,0,0,0,0,0,0,VMC,,,,no,SADM 012200Z 02005KT CAVOK 16/10 Q1019,,no
2026-09-01,23,23 a 00,0,0,0,0,0,0,0,0,0,VMC,,,,no,SADM 012300Z 02004KT CAVOK 14/12 Q1019,,no
2026-09-02,0,00 a 01,0,0,0,0,0,0,0,0,0,VMC,,,,no,SADM 020000Z 02003KT CAVOK 14/11 Q1019,,no
2026-09-02,1,01 a 02,0,0,0,0,0,0,0,0,0,VMC,,,,no,SADM 020100Z 05004KT CAVOK 13/11 Q1019,,no
2026-09-02,2,02 a 03,0,0,0,0,0,0,0,0,0,VMC,,,,no,SADM 020200Z 05003KT CAVOK 13/11 Q1019,,no
2026-09-02,3,03 a 04,0,0,0,0,0,0,0,0,0,VMC,,,,no,SADM 020300Z 05004KT CAVOK 12/11 Q1019,,no
2026-09-02,4,04 a 05,0,0,0,0,0,0,0,0,0,VMC,,,,no,SADM 020400Z 05004KT 9999 SCT008 12/10 Q1019,,no
2026-09-02,5,05 a 06,0,0,0,0,0,0,0,0,0,IMC,,800,techo 800 ft,no,SADM 020500Z 02005KT 9999 BKN008 11/09 Q1018,,no
2026-09-02,6,06 a 07,0,0,0,0,0,0,0,0,0,IMC,,800,techo 800 ft,no,SADM 020600Z 05006KT 9999 BKN008 11/09 Q1017,,no
2026-09-02,7,07 a 08,0,0,0,0,0,0,0,0,0,IMC,,700,techo 700 ft,no,SADM 020700Z 05004KT 9999 OVC007 12/10 Q1017,,no
2026-09-02,8,08 a 09,0,0,0,0,0,0,0,0,0,IMC,3000,200,vis 3000 m + techo 200 ft,no,SADM 020800Z 02004KT 3000 BR OVC002 12/12 Q1016,,no
2026-09-02,9,09 a 10,0,0,0,0,0,0,0,0,0,IMC,5000,300,techo 300 ft,no,SADM 020900Z 02008KT 5000 BR OVC003 12/12 Q1016,,no
2026-09-02,10,10 a 11,0,0,0,0,0,0,0,0,0,IMC,3000,300,vis 3000 m + techo 300 ft,no,SADM 021000Z 01009KT 3000 BR OVC003 12/12 Q1016,,no
2026-09-02,11,11 a 12,0,0,0,0,0,0,0,0,0,IMC,3000,200,vis 3000 m + techo 200 ft,no,COR SADM 021100Z 36008KT 3000 BR OVC002 12/11 Q1016,,no
2026-09-02,12,12 a 13,0,0,0,0,0,0,0,0,0,IMC,5000,500,techo 500 ft,no,SADM 021200Z 36011KT 5000 BR OVC005 12/11 Q1016,,no
2026-09-02,13,13 a 14,0,0,0,0,0,0,0,0,0,IMC,,800,techo 800 ft,si,SADM 021300Z 36012KT 9999 BKN008 13/11 Q1016,SADM 021327Z 36012KT 9999 SCT010 13/11 Q1015,no
2026-09-02,14,14 a 15,0,0,0,0,0,0,0,0,0,VMC,,,,no,COR SADM 021400Z 36013KT 9999 FEW012 16/12 Q1014,,no
2026-09-02,15,15 a 16,0,0,0,0,0,0,0,0,0,VMC,,,,no,SADM 021500Z 34015KT 9999 FEW012 19/13 Q1014,,no
2026-09-02,16,16 a 17,0,0,0,0,0,0,0,0,0,VMC,,,,no,SADM 021600Z 34016KT CAVOK 21/13 Q1012,,no
2026-09-02,17,17 a 18,0,0,0,0,0,0,0,0,0,VMC,,,,no,SADM 021700Z 34017KT CAVOK 22/13 Q1011,,no
2026-09-02,18,18 a 19,0,0,0,0,0,0,0,0,0,VMC,,,,no,SADM 021800Z 32017KT CAVOK 23/12 Q1009,,no
2026-09-02,19,19 a 20,0,0,0,0,0,0,0,0,0,VMC,,,,no,SADM 021900Z 32015KT CAVOK 23/13 Q1009,,no
2026-09-02,20,20 a 21,0,0,0,0,0,0,0,0,0,VMC,,,,no,SADM 022000Z 32015KT CAVOK 23/13 Q1008,,no
2026-09-02,21,21 a 22,0,0,0,0,0,0,0,0,0,VMC,,,,no,SADM 022100Z 32012KT CAVOK 22/13 Q1008,,no
2026-09-02,22,22 a 23,0,0,0,0,0,0,0,0,0,VMC,,,,no,SADM 022200Z 32007KT CAVOK 21/13 Q1008,,no
2026-09-02,23,23 a 00,0,0,0,0,0,0,0,0,0,VMC,,,,no,SADM 022300Z 29005KT CAVOK 21/13 Q1008,,no
2026-09-03,0,00 a 01,0,0,0,0,0,0,0,0,0,VMC,,,,no,SADM 030000Z 32006KT CAVOK 20/13 Q1008,,no
2026-09-03,1,01 a 02,0,0,0,0,0,0,0,0,0,VMC,,,,no,SADM 030100Z 32005KT CAVOK 20/14 Q1008,,no
2026-09-03,2,02 a 03,0,0,0,0,0,0,0,0,0,VMC,,,,no,SADM 030200Z 32008KT 9999 FEW040 SCT100 19/14 Q1008,,no
2026-09-03,3,03 a 04,0,0,0,0,0,0,0,0,0,VMC,,4000,,no,SADM 030300Z 20015KT 9999 BKN040 OVC100 19/14 Q1009,,no
2026-09-03,4,04 a 05,0,0,0,0,0,0,0,0,0,VMC,,4000,,no,SADM 030400Z 20010KT 9999 BKN040 OVC100 18/14 Q1009,,no
2026-09-03,5,05 a 06,0,0,0,0,0,0,0,0,0,VMC,,4000,,no,SADM 030500Z 18008KT 9999 BKN040 OVC100 18/14 Q1009,,no
2026-09-03,6,06 a 07,0,0,0,0,0,0,0,0,0,VMC,,10000,,no,SADM 030600Z 18010KT 9999 FEW040 OVC100 17/14 Q1010,,no
2026-09-03,7,07 a 08,0,0,0,0,0,0,0,0,0,VMC,8000,10000,,no,SADM 030700Z 20008KT 8000 -RA FEW040 OVC100 16/13 Q1010,,no
2026-09-03,8,08 a 09,0,0,0,0,0,0,0,0,0,VMC,5000,5000,,no,SADM 030800Z 20008KT 5000 RA OVC050 16/14 Q1010,,no
2026-09-03,9,09 a 10,0,0,0,0,0,0,0,0,0,VMC,8000,5000,,no,SADM 030900Z 20004KT 8000 -TSRA FEW045CB OVC050 13/12 Q1010,,no
2026-09-03,10,10 a 11,0,0,0,0,0,0,0,0,0,VMC,,10000,,no,SADM 031000Z 05002KT 9999 FEW045CB OVC100 13/12 Q1010 RETS,,no
2026-09-03,11,11 a 12,0,0,0,0,0,0,0,0,0,VMC,9000,,,no,SADM 031100Z 34007KT 9000 -RA NSC 12/10 Q1012,,no
2026-09-03,12,12 a 13,0,0,0,0,0,0,0,0,0,VMC,9000,,,no,SADM 031200Z 34011KT 9000 -RA NSC 12/10 Q1012,,no
2026-09-03,13,13 a 14,19,0,1,14,4,0,0,1,0,VMC,,10000,,no,SADM 031300Z 29006KT 9999 SCT025 OVC100 13/10 Q1011,,no
2026-09-03,14,14 a 15,31,0,0,23,8,0,0,1,0,VMC,,,,no,SADM 031400Z 29011KT CAVOK 15/10 Q1011,,no
2026-09-03,15,15 a 16,42,0,0,23,18,1,0,1,0,VMC,,,,no,SADM 031500Z 27012KT CAVOK 15/09 Q1012,,no
2026-09-03,16,16 a 17,18,0,0,18,0,0,0,0,0,VMC,,,,no,SADM 031600Z 27012KT CAVOK 15/08 Q1012,,no
2026-09-03,17,17 a 18,21,0,4,17,0,0,0,0,0,VMC,,,,no,SADM 031700Z 27012KT CAVOK 17/08 Q1011,,no
2026-09-03,18,18 a 19,16,0,0,16,0,0,0,0,0,VMC,,,,no,SADM 031800Z 25011KT CAVOK 18/09 Q1011,,no
2026-09-03,19,19 a 20,22,0,0,22,0,0,0,0,0,VMC,,,,no,SADM 031900Z 25012KT CAVOK 18/07 Q1011,,no
2026-09-03,20,20 a 21,28,0,0,24,4,0,0,0,0,VMC,,,,no,SADM 032000Z 25015KT 9999 FEW025 18/03 Q1012,,no
2026-09-03,21,21 a 22,17,0,0,6,10,1,0,0,0,VMC,,,,no,SADM 032100Z 25012KT CAVOK 17/03 Q1012,,no
2026-09-03,22,22 a 23,0,0,0,0,0,0,0,0,0,VMC,,,,no,SADM 032200Z 23009KT CAVOK 16/04 Q1012,,no
2026-09-03,23,23 a 00,0,0,0,0,0,0,0,0,0,VMC,,,,no,SADM 032300Z 25007KT CAVOK 15/07 Q1013,,no
2026-09-04,0,00 a 01,0,0,0,0,0,0,0,0,0,VMC,,,,no,SADM 040000Z 23007KT CAVOK 13/05 Q1015,,no
2026-09-04,1,01 a 02,0,0,0,0,0,0,0,0,0,VMC,,,,no,SADM 040100Z 27005KT CAVOK 12/05 Q1015,,no
2026-09-04,2,02 a 03,0,0,0,0,0,0,0,0,0,VMC,,,,no,SADM 040200Z 23005KT CAVOK 12/05 Q1016,,no
2026-09-04,3,03 a 04,0,0,0,0,0,0,0,0,0,VMC,,,,no,SADM 040300Z 23006KT CAVOK 11/05 Q1016,,no
2026-09-04,4,04 a 05,0,0,0,0,0,0,0,0,0,VMC,,,,no,SADM 040400Z 20007KT CAVOK 10/05 Q1017,,no
2026-09-04,5,05 a 06,0,0,0,0,0,0,0,0,0,VMC,,,,no,SADM 040500Z 23003KT CAVOK 09/05 Q1017,,no
2026-09-04,6,06 a 07,0,0,0,0,0,0,0,0,0,VMC,,,,no,SADM 040600Z 25002KT CAVOK 10/06 Q1017,,no
2026-09-04,7,07 a 08,0,0,0,0,0,0,0,0,0,VMC,,,,no,SADM 040700Z 23004KT CAVOK 08/06 Q1017,,no
2026-09-04,8,08 a 09,0,0,0,0,0,0,0,0,0,VMC,,,,no,SADM 040800Z 20004KT CAVOK 07/05 Q1017,,no
2026-09-04,9,09 a 10,0,0,0,0,0,0,0,0,0,VMC,,,,no,SADM 040900Z 25001KT CAVOK 06/04 Q1018,,no
2026-09-04,10,10 a 11,0,0,0,0,0,0,0,0,0,VMC,,,,no,SADM 041000Z 27002KT CAVOK 06/04 Q1018,,no
2026-09-04,11,11 a 12,12,0,0,8,4,0,0,0,1,VMC,,,,no,SADM 041100Z 27002KT CAVOK 06/05 Q1018,,no
2026-09-04,12,12 a 13,26,0,0,22,4,0,0,0,1,VMC,,,,no,SADM 041200Z 27004KT CAVOK 10/07 Q1019,,no
2026-09-04,13,13 a 14,28,0,0,24,4,0,0,0,1,VMC,,,,no,SADM 041300Z 23007KT CAVOK 12/06 Q1019,,no
2026-09-04,14,14 a 15,22,0,0,22,0,0,0,0,1,VMC,,,,no,SADM 041400Z 25009KT CAVOK 13/02 Q1019,,no
2026-09-04,15,15 a 16,32,0,0,22,10,0,0,0,1,VMC,,,,no,SADM 041500Z 25007KT CAVOK 14/01 Q1019,,no
2026-09-04,16,16 a 17,29,0,1,24,4,0,0,0,1,VMC,,,,no,SADM 041600Z 25009KT CAVOK 16/00 Q1018,,no
2026-09-04,17,17 a 18,15,0,0,15,0,0,0,0,1,VMC,,,,no,SADM 041700Z 25010KT CAVOK 17/01 Q1017,,no
2026-09-04,18,18 a 19,28,0,1,23,4,0,0,0,1,VMC,,,,no,SADM 041800Z 23007KT CAVOK 17/00 Q1016,,no
2026-09-04,19,19 a 20,24,0,2,22,0,0,0,0,0,VMC,,,,no,SADM 041900Z 25007KT CAVOK 17/M01 Q1016,,no
2026-09-04,20,20 a 21,25,0,2,23,0,0,0,0,0,VMC,,,,no,COR SADM 042000Z 25008KT CAVOK 17/M00 Q1016,,no
2026-09-04,21,21 a 22,13,0,1,12,0,0,0,0,0,VMC,,,,no,SADM 042100Z 27007KT CAVOK 17/M00 Q1015,,no
2026-09-04,22,22 a 23,0,0,0,0,0,0,0,0,0,VMC,,,,no,SADM 042200Z 27006KT CAVOK 16/M00 Q1016,,no
2026-09-04,23,23 a 00,0,0,0,0,0,0,0,0,0,VMC,,,,no,SADM 042300Z 34004KT CAVOK 14/01 Q1016,,no
2026-09-05,0,00 a 01,0,0,0,0,0,0,0,0,0,VMC,,,,no,SADM 050000Z 32002KT CAVOK 12/04 Q1016,,no
2026-09-05,1,01 a 02,0,0,0,0,0,0,0,0,0,VMC,,,,no,SADM 050100Z 27004KT CAVOK 11/03 Q1017,,no
2026-09-05,2,02 a 03,0,0,0,0,0,0,0,0,0,VMC,,,,no,SADM 050200Z 20011KT CAVOK 11/02 Q1018,,no
2026-09-05,3,03 a 04,0,0,0,0,0,0,0,0,0,VMC,,,,no,SADM 050300Z 20009KT CAVOK 10/01 Q1018,,no
2026-09-05,4,04 a 05,0,0,0,0,0,0,0,0,0,VMC,,,,no,SADM 050400Z 18010KT CAVOK 08/02 Q1019,,no
2026-09-05,5,05 a 06,0,0,0,0,0,0,0,0,0,VMC,,,,no,SADM 050500Z 18008KT CAVOK 07/01 Q1019,,no
2026-09-05,6,06 a 07,0,0,0,0,0,0,0,0,0,VMC,,,,no,SADM 050600Z 18004KT CAVOK 07/02 Q1020,,no
2026-09-05,7,07 a 08,0,0,0,0,0,0,0,0,0,VMC,,,,no,SADM 050700Z 20005KT CAVOK 06/02 Q1020,,no
2026-09-05,8,08 a 09,0,0,0,0,0,0,0,0,0,VMC,,,,no,SADM 050800Z 18006KT CAVOK 06/02 Q1020,,no
2026-09-05,9,09 a 10,0,0,0,0,0,0,0,0,0,VMC,,,,no,SADM 050900Z 18008KT CAVOK 04/02 Q1021,,no
2026-09-05,10,10 a 11,0,0,0,0,0,0,0,0,0,VMC,,,,no,SADM 051000Z 20006KT CAVOK 04/02 Q1022,,no
2026-09-05,11,11 a 12,14,0,1,13,0,0,0,0,1,VMC,,,,no,SADM 051100Z 20008KT CAVOK 05/02 Q1023,,no
2026-09-05,12,12 a 13,29,0,2,17,10,0,0,0,1,VMC,,,,no,SADM 051200Z 20015KT CAVOK 07/03 Q1024,,no
2026-09-05,13,13 a 14,50,0,0,30,20,0,0,0,1,VMC,,,,no,SADM 051300Z 20014KT CAVOK 09/04 Q1025,,no
2026-09-05,14,14 a 15,33,0,2,26,4,1,0,0,1,VMC,,2500,,no,SADM 051400Z 20014KT 9999 BKN025 10/05 Q1025,,no
2026-09-05,15,15 a 16,32,0,0,27,4,1,0,0,1,VMC,,3000,,no,SADM 051500Z 20013KT 9999 BKN030 11/02 Q1025,,no
2026-09-05,16,16 a 17,20,0,0,18,2,0,0,0,1,VMC,,3500,,no,SADM 051600Z 23014G24KT 9999 BKN035 12/01 Q1025,,no
2026-09-05,17,17 a 18,32,0,0,24,6,2,0,0,1,VMC,,3500,,no,SADM 051700Z 23014KT 9999 BKN035 12/01 Q1025,,no
2026-09-05,18,18 a 19,39,0,3,28,8,0,0,0,1,VMC,,,,no,SADM 051800Z 20014KT 9999 SCT035 SCT100 12/00 Q1024,,no
2026-09-05,19,19 a 20,32,0,0,26,6,0,0,0,1,VMC,,,,no,SADM 051900Z 20015KT 9999 SCT035 SCT100 13/M00 Q1024,,no
2026-09-05,20,20 a 21,24,0,1,21,2,0,0,0,1,VMC,,,,no,SADM 052000Z 20018KT 9999 SCT040 12/M00 Q1025,,no
2026-09-05,21,21 a 22,9,0,1,8,0,0,0,0,1,VMC,,,,no,SADM 052100Z 20016KT 9999 SCT040 11/00 Q1026,,no
2026-09-05,22,22 a 23,0,0,0,0,0,0,0,0,0,VMC,,,,no,SADM 052200Z 20018KT 9999 FEW040 SCT100 10/01 Q1027,,no
2026-09-05,23,23 a 00,0,0,0,0,0,0,0,0,0,VMC,,,,no,SADM 052300Z 20006KT CAVOK 06/03 Q1028,,no
2026-09-06,0,00 a 01,0,0,0,0,0,0,0,0,0,VMC,,,,no,SADM 060000Z 18006KT CAVOK 05/02 Q1029,,no
2026-09-06,1,01 a 02,0,0,0,0,0,0,0,0,0,VMC,,,,no,SADM 060100Z 18007KT CAVOK 05/02 Q1030,,no
2026-09-06,2,02 a 03,0,0,0,0,0,0,0,0,0,VMC,,,,no,SADM 060200Z 18009KT CAVOK 04/03 Q1030,,no
2026-09-06,3,03 a 04,0,0,0,0,0,0,0,0,0,VMC,,,,no,SADM 060300Z 16012KT CAVOK 06/02 Q1031,,no
2026-09-06,4,04 a 05,0,0,0,0,0,0,0,0,0,VMC,,,,no,SADM 060400Z 16010KT CAVOK 05/01 Q1032,,no
2026-09-06,5,05 a 06,0,0,0,0,0,0,0,0,0,VMC,,,,no,SADM 060500Z 18009KT CAVOK 04/02 Q1032,,no
2026-09-06,6,06 a 07,0,0,0,0,0,0,0,0,0,VMC,,,,no,COR SADM 060600Z 18008KT CAVOK 03/01 Q1033,,no
2026-09-06,7,07 a 08,0,0,0,0,0,0,0,0,0,VMC,,,,no,SADM 060700Z 20008KT CAVOK 03/01 Q1032,,no
2026-09-06,8,08 a 09,0,0,0,0,0,0,0,0,0,VMC,,,,no,SADM 060800Z 21005KT CAVOK 00/M01 Q1032,,no
2026-09-06,9,09 a 10,0,0,0,0,0,0,0,0,0,VMC,,,,no,SADM 060900Z 21004KT CAVOK M00/M02 Q1033,,no
2026-09-06,10,10 a 11,0,0,0,0,0,0,0,0,0,VMC,,,,no,SADM 061000Z 21004KT CAVOK M00/M01 Q1033,,no
2026-09-06,11,11 a 12,19,0,0,7,12,0,0,0,1,VMC,,,,no,SADM 061100Z 20003KT CAVOK 00/M01 Q1034,,no
2026-09-06,12,12 a 13,21,0,0,20,0,1,2,0,1,VMC,,,,no,SADM 061200Z 20007KT CAVOK 03/00 Q1034,,no
2026-09-06,13,13 a 14,34,0,0,16,18,0,2,0,1,VMC,,,,no,SADM 061300Z 18007KT CAVOK 06/M01 Q1034,,no
2026-09-06,14,14 a 15,39,0,0,27,12,0,0,0,1,VMC,,,,no,SADM 061400Z 18009KT 9999 SCT040 07/M03 Q1034,,no
2026-09-06,15,15 a 16,21,0,0,21,0,0,0,0,1,VMC,,,,no,SADM 061500Z 14006KT 9999 SCT045 08/M05 Q1034,,no
2026-09-06,16,16 a 17,27,0,0,21,6,0,0,0,1,VMC,,,,no,SADM 061600Z 16004KT 9999 SCT045 09/M03 Q1033,,no
2026-09-06,17,17 a 18,26,0,0,22,4,0,0,0,1,VMC,,,,no,SADM 061700Z 16003KT 9999 SCT045 10/M03 Q1032,,no
2026-09-06,18,18 a 19,49,0,0,33,16,0,0,0,1,VMC,,,,no,SADM 061800Z 20005KT 9999 FEW045 10/M03 Q1031,,no
2026-09-06,19,19 a 20,15,0,0,15,0,0,0,0,1,VMC,,,,no,SADM 061900Z 16005KT 9999 FEW045 09/M04 Q1030,,no
2026-09-06,20,20 a 21,29,0,1,22,6,0,0,0,1,VMC,,,,no,SADM 062000Z 14006KT 9999 FEW045 10/M03 Q1030,,no
2026-09-06,21,21 a 22,14,0,0,8,6,0,0,0,1,VMC,,,,no,SADM 062100Z 11004KT 9999 FEW045 10/M04 Q1030,,no
2026-09-06,22,22 a 23,0,0,0,0,0,0,0,0,0,VMC,,,,no,SADM 062200Z 14005KT CAVOK 09/M04 Q1030,,no
2026-09-06,23,23 a 00,0,0,0,0,0,0,0,0,0,VMC,,,,no,SADM 062300Z 14002KT CAVOK 08/M03 Q1031,,no
2026-09-07,0,00 a 01,0,0,0,0,0,0,0,0,0,VMC,,,,no,SADM 070000Z 09002KT CAVOK 08/M02 Q1031,,no
2026-09-07,1,01 a 02,0,0,0,0,0,0,0,0,0,VMC,,10000,,no,SADM 070100Z 11005KT 9999 BNK048 BKN100 08/M02 Q1031,,no
2026-09-07,2,02 a 03,0,0,0,0,0,0,0,0,0,VMC,,,,no,SADM 070200Z 29003KT 9999 BNK048 08/M02 Q1031,,no
2026-09-07,3,03 a 04,0,0,0,0,0,0,0,0,0,VMC,,,,no,SADM 070300Z 18007KT 9999 BNK048 06/01 Q1031,,no
2026-09-07,4,04 a 05,0,0,0,0,0,0,0,0,0,VMC,,,,no,SADM 070400Z 20004KT 9999 BNK048 06/00 Q1030,,no
2026-09-07,5,05 a 06,0,0,0,0,0,0,0,0,0,VMC,,,,no,SADM 070500Z 20002KT 9999 BNK045 06/00 Q1030,,no
2026-09-07,6,06 a 07,0,0,0,0,0,0,0,0,0,VMC,,,,no,SADM 070600Z 20004KT 9999 BNK045 05/00 Q1029,,no
2026-09-07,7,07 a 08,0,0,0,0,0,0,0,0,0,VMC,,,,no,SADM 070700Z 20002KT CAVOK 04/00 Q1028,,no
2026-09-07,8,08 a 09,0,0,0,0,0,0,0,0,0,VMC,,,,no,SADM 070800Z 20003KT CAVOK 03/01 Q1028,,no
2026-09-07,9,09 a 10,0,0,0,0,0,0,0,0,0,VMC,,4500,,no,SADM 070900Z 20002KT 9999 BKN045 04/01 Q1028,,no
2026-09-07,10,10 a 11,0,0,0,0,0,0,0,0,0,VMC,8000,4500,,no,SADM 071000Z 23002KT 8000 BKN045 02/M01 Q1028,,no
2026-09-07,11,11 a 12,6,0,0,6,0,0,0,1,0,VMC,9000,4200,,no,SADM 071100Z 36006KT 9000 BKN042 06/02 Q1028,,no
2026-09-07,12,12 a 13,18,0,0,10,8,0,0,1,0,VMC,,,,no,SADM 071200Z 36007KT 9999 FEW042 08/02 Q1028,,no
2026-09-07,13,13 a 14,10,0,0,10,0,0,0,1,0,VMC,,,,no,SADM 071300Z 36009KT 9999 SCT038 09/M01 Q1028,,no
2026-09-07,14,14 a 15,18,0,0,18,0,0,0,1,0,VMC,9000,4200,,no,SADM 071400Z 36010KT 9000 BKN042 09/M01 Q1028,,no
2026-09-07,15,15 a 16,21,0,0,12,8,1,0,1,0,VMC,,4400,,no,SADM 071500Z 36010KT 9999 BKN044 10/M01 Q1027,,no
2026-09-07,16,16 a 17,24,0,0,20,4,0,0,1,0,VMC,,4600,,no,SADM 071600Z 02009KT 9999 BKN046 11/M02 Q1026,,no
2026-09-07,17,17 a 18,16,2,0,14,0,0,0,1,0,VMC,,4800,,no,SADM 071700Z 36006KT 9999 BKN048 13/M01 Q1025,,no
2026-09-07,18,18 a 19,28,0,0,22,6,0,0,1,0,VMC,9000,4800,,no,SADM 071800Z 36007KT 9000 BKN048 12/00 Q1023,,no
2026-09-07,19,19 a 20,20,0,0,20,0,0,0,1,0,VMC,,4800,,no,SADM 071900Z 02009KT 9999 BKN048 12/01 Q1023,,no
2026-09-07,20,20 a 21,18,0,0,18,0,0,0,1,0,VMC,,,,no,SADM 072000Z 05005KT CAVOK 12/01 Q1022,,no
2026-09-07,21,21 a 22,23,0,0,14,8,1,0,1,0,VMC,,,,no,SADM 072100Z 05006KT CAVOK 12/01 Q1022,,no
2026-09-07,22,22 a 23,0,0,0,0,0,0,0,0,0,VMC,,,,no,SADM 072200Z 05004KT CAVOK 11/01 Q1022,,no
2026-09-07,23,23 a 00,0,0,0,0,0,0,0,0,0,VMC,,,,no,SADM 072300Z 02005KT CAVOK 10/01 Q1023,,no
2026-09-08,0,00 a 01,0,0,0,0,0,0,0,0,0,VMC,,,,no,SADM 080000Z 02004KT CAVOK 09/03 Q1023,,no
2026-09-08,1,01 a 02,0,0,0,0,0,0,0,0,0,VMC,,,,no,SADM 080100Z 05003KT CAVOK 08/03 Q1023,,no
2026-09-08,2,02 a 03,0,0,0,0,0,0,0,0,0,VMC,,,,no,SADM 080200Z 36004KT CAVOK 08/03 Q1023,,no
2026-09-08,3,03 a 04,0,0,0,0,0,0,0,0,0,VMC,,,,no,SADM 080300Z 36006KT CAVOK 07/03 Q1022,,no
2026-09-08,4,04 a 05,0,0,0,0,0,0,0,0,0,VMC,,,,no,SADM 080400Z 36006KT CAVOK 07/03 Q1023,,no
2026-09-08,5,05 a 06,0,0,0,0,0,0,0,0,0,VMC,,,,no,SADM 080500Z 36006KT CAVOK 07/03 Q1022,,no
2026-09-08,6,06 a 07,0,0,0,0,0,0,0,0,0,VMC,,,,no,SADM 080600Z 36006KT CAVOK 06/03 Q1022,,no
2026-09-08,7,07 a 08,0,0,0,0,0,0,0,0,0,VMC,,,,no,SADM 080700Z 36005KT CAVOK 06/04 Q1021,,no
2026-09-08,8,08 a 09,0,0,0,0,0,0,0,0,0,VMC,,,,no,SADM 080800Z 36006KT CAVOK 06/04 Q1020,,no
2026-09-08,9,09 a 10,0,0,0,0,0,0,0,0,0,VMC,,,,no,SADM 080900Z 02005KT CAVOK 07/03 Q1020,,no
2026-09-08,10,10 a 11,0,0,0,0,0,0,0,0,0,VMC,,,,no,SADM 081000Z 02004KT CAVOK 08/03 Q1021,,no
2026-09-08,11,11 a 12,11,0,0,11,0,0,0,1,0,VMC,,,,no,SADM 081100Z 02007KT CAVOK 10/04 Q1021,,no
2026-09-08,12,12 a 13,17,0,2,11,4,0,0,1,0,VMC,,,,no,SADM 081200Z 36009KT CAVOK 11/04 Q1022,,no
2026-09-08,13,13 a 14,31,0,1,21,8,1,0,1,0,VMC,,,,no,SADM 081300Z 34008KT CAVOK 13/04 Q1022,,no
2026-09-08,14,14 a 15,26,0,1,13,12,0,0,1,0,VMC,,,,no,SADM 081400Z 32010KT CAVOK 15/03 Q1021,,no
2026-09-08,15,15 a 16,29,0,1,18,10,0,0,1,0,VMC,,,,no,SADM 081500Z 34009KT CAVOK 16/05 Q1021,,no
2026-09-08,16,16 a 17,27,0,1,20,6,0,0,0,0,VMC,,,,no,SADM 081600Z 30007KT CAVOK 17/03 Q1020,,no
2026-09-08,17,17 a 18,33,0,1,18,14,0,0,0,0,VMC,,,,no,SADM 081700Z 34005KT 9999 FEW030 18/04 Q1019,,no
2026-09-08,18,18 a 19,30,0,0,22,8,0,1,0,0,VMC,,,,no,SADM 081800Z 32007KT 9999 SCT030 18/06 Q1018,,no
2026-09-08,19,19 a 20,27,0,1,20,6,0,0,0,0,VMC,,,,no,SADM 081900Z 36009KT 9999 SCT030 18/03 Q1018,,no
2026-09-08,20,20 a 21,30,0,1,21,8,0,0,0,0,VMC,,,,no,SADM 082000Z 32005KT 9999 FEW028 18/04 Q1017,,no
2026-09-08,21,21 a 22,10,0,1,9,0,0,0,0,0,VMC,,,,no,SADM 082100Z 05007KT CAVOK 17/05 Q1018,,no
2026-09-08,22,22 a 23,0,0,0,0,0,0,0,0,0,VMC,,,,no,SADM 082200Z 05005KT CAVOK 16/05 Q1018,,no
2026-09-08,23,23 a 00,0,0,0,0,0,0,0,0,0,VMC,,,,no,SADM 082300Z 05005KT CAVOK 16/06 Q1018,,no
2026-09-09,0,00 a 01,0,0,0,0,0,0,0,0,0,VMC,,,,no,SADM 090000Z 02006KT CAVOK 14/04 Q1018,,no
2026-09-09,1,01 a 02,0,0,0,0,0,0,0,0,0,VMC,,,,no,SADM 090100Z 02005KT CAVOK 14/05 Q1019,,no
2026-09-09,2,02 a 03,0,0,0,0,0,0,0,0,0,VMC,,,,no,SADM 090200Z 02002KT CAVOK 13/05 Q1019,,no
2026-09-09,3,03 a 04,0,0,0,0,0,0,0,0,0,VMC,,,,no,SADM 090300Z 05002KT CAVOK 12/05 Q1019,,no
2026-09-09,4,04 a 05,0,0,0,0,0,0,0,0,0,VMC,,,,no,SADM 090400Z 05001KT CAVOK 11/05 Q1018,,no
2026-09-09,5,05 a 06,0,0,0,0,0,0,0,0,0,VMC,,,,no,SADM 090500Z 02002KT CAVOK 10/06 Q1018,,no
2026-09-09,6,06 a 07,0,0,0,0,0,0,0,0,0,VMC,,,,no,SADM 090600Z 02003KT CAVOK 09/06 Q1018,,no
2026-09-09,7,07 a 08,0,0,0,0,0,0,0,0,0,VMC,,,,no,SADM 090700Z 02002KT CAVOK 09/05 Q1017,,no
2026-09-09,8,08 a 09,0,0,0,0,0,0,0,0,0,VMC,,,,no,SADM 090800Z 05003KT CAVOK 09/05 Q1018,,no
2026-09-09,9,09 a 10,0,0,0,0,0,0,0,0,0,VMC,,,,no,SADM 090900Z 02004KT CAVOK 08/05 Q1018,,no
2026-09-09,10,10 a 11,0,0,0,0,0,0,0,0,0,VMC,,,,no,SADM 091000Z 05003KT CAVOK 09/05 Q1017,,no
2026-09-09,11,11 a 12,7,0,0,7,0,0,0,1,0,VMC,,,,no,SADM 091100Z 03004KT CAVOK 12/07 Q1018,,no
2026-09-09,12,12 a 13,12,0,0,12,0,0,0,1,0,VMC,,,,no,SADM 091200Z 05003KT CAVOK 13/09 Q1018,,no
2026-09-09,13,13 a 14,10,0,1,7,2,0,0,1,0,VMC,,,,no,SADM 091300Z 05004KT CAVOK 15/09 Q1018,,no
2026-09-09,14,14 a 15,21,0,1,14,6,0,0,1,0,VMC,,,,no,SADM 091400Z 32009KT CAVOK 17/08 Q1018,,no
2026-09-09,15,15 a 16,15,0,0,13,2,0,0,1,0,VMC,,,,no,SADM 091500Z 36007KT CAVOK 18/07 Q1018,,no
2026-09-09,16,16 a 17,12,0,2,8,2,0,0,1,0,VMC,,,,no,COR SADM 091600Z 02008KT CAVOK 19/07 Q1017,,no
2026-09-09,17,17 a 18,27,0,1,20,6,0,0,1,0,VMC,,,,no,SADM 091700Z 05007KT CAVOK 19/06 Q1016,,no
2026-09-09,18,18 a 19,28,0,0,18,10,0,1,1,0,VMC,,,,no,COR SADM 091800Z 05006KT CAVOK 19/07 Q1015,,no
2026-09-09,19,19 a 20,34,0,0,14,20,0,0,1,0,VMC,,,,no,SADM 091900Z 05005KT CAVOK 19/07 Q1015,,no
2026-09-09,20,20 a 21,18,0,1,11,6,0,0,1,0,VMC,,,,no,SADM 092000Z 02004KT CAVOK 18/08 Q1015,,no
2026-09-09,21,21 a 22,10,0,3,7,0,0,0,1,0,VMC,,,,no,SADM 092100Z 02006KT CAVOK 18/07 Q1015,,no
2026-09-09,22,22 a 23,0,0,0,0,0,0,0,0,0,VMC,,,,no,SADM 092200Z 02004KT CAVOK 17/08 Q1016,,no
2026-09-09,23,23 a 00,0,0,0,0,0,0,0,0,0,VMC,,,,no,SADM 092300Z 05004KT CAVOK 17/09 Q1016,,no
2026-09-10,0,00 a 01,0,0,0,0,0,0,0,0,0,VMC,,,,no,SADM 100000Z 05003KT CAVOK 17/09 Q1016,,no
2026-09-10,1,01 a 02,0,0,0,0,0,0,0,0,0,VMC,,,,no,SADM 100100Z 05002KT CAVOK 16/10 Q1016,,no
2026-09-10,2,02 a 03,0,0,0,0,0,0,0,0,0,VMC,9000,8000,,no,SADM 100200Z 36007KT 9000 -RA SCT045 OVC080 16/10 Q1017,,no
2026-09-10,3,03 a 04,0,0,0,0,0,0,0,0,0,VMC,,,,no,SADM 100300Z 02004KT CAVOK 15/12 Q1016,,no
2026-09-10,4,04 a 05,0,0,0,0,0,0,0,0,0,VMC,,,,no,SADM 100400Z 36009KT CAVOK 14/12 Q1016,,no
2026-09-10,5,05 a 06,0,0,0,0,0,0,0,0,0,VMC,,,,no,SADM 100500Z 34010KT CAVOK 14/12 Q1017,,no
2026-09-10,6,06 a 07,0,0,0,0,0,0,0,0,0,VMC,,,,no,SADM 100600Z 36006KT CAVOK 14/10 Q1016,,no
2026-09-10,7,07 a 08,0,0,0,0,0,0,0,0,0,VMC,,,,no,SADM 100700Z 34003KT CAVOK 13/09 Q1016,,no
2026-09-10,8,08 a 09,0,0,0,0,0,0,0,0,0,VMC,,,,no,SADM 100800Z 05005KT CAVOK 11/09 Q1014,,no
2026-09-10,9,09 a 10,0,0,0,0,0,0,0,0,0,VMC,,,,no,SADM 100900Z 00000KT CAVOK 10/08 Q1015,,no
2026-09-10,10,10 a 11,0,0,0,0,0,0,0,0,0,VMC,,,,no,SADM 101000Z 02002KT CAVOK 09/08 Q1015,,no
2026-09-10,11,11 a 12,8,0,0,7,0,1,1,1,0,VMC,,,,no,SADM 101100Z 02004KT CAVOK 10/08 Q1016,,no
2026-09-10,12,12 a 13,11,0,0,11,0,0,0,1,0,VMC,,,,no,SADM 101200Z 01006KT CAVOK 14/09 Q1016,,no
2026-09-10,13,13 a 14,37,0,0,18,16,3,0,1,0,VMC,,,,no,SADM 101300Z 36006KT CAVOK 16/08 Q1016,,no
2026-09-10,14,14 a 15,24,0,0,20,4,0,1,1,0,VMC,,,,no,SADM 101400Z 34005KT CAVOK 18/08 Q1016,,no
2026-09-10,15,15 a 16,28,0,0,22,6,0,0,1,0,VMC,,,,no,SADM 101500Z 34009KT CAVOK 19/09 Q1015,,no
2026-09-10,16,16 a 17,23,0,0,17,6,0,0,1,0,VMC,,,,no,SADM 101600Z 34007KT CAVOK 20/09 Q1015,,no
2026-09-10,17,17 a 18,19,0,1,17,0,1,0,1,0,VMC,,,,no,SADM 101700Z 34005KT CAVOK 21/09 Q1014,,no
2026-09-10,18,18 a 19,29,0,0,21,8,0,0,1,0,VMC,,,,no,SADM 101800Z 34002KT 9999 FEW030 22/09 Q1013,,no
2026-09-10,19,19 a 20,24,0,0,22,2,0,0,1,0,VMC,,,,no,SADM 101900Z 30004KT 9999 FEW030 21/08 Q1012,,no
2026-09-10,20,20 a 21,19,0,1,18,0,0,0,1,0,VMC,,,,no,SADM 102000Z 04006KT CAVOK 20/07 Q1012,,no
2026-09-10,21,21 a 22,11,0,0,10,0,1,1,1,0,VMC,,,,no,SADM 102100Z 05005KT CAVOK 19/06 Q1012,,no
2026-09-10,22,22 a 23,0,0,0,0,0,0,0,0,0,VMC,,,,no,SADM 102200Z 07004KT CAVOK 18/06 Q1012,,no
2026-09-10,23,23 a 00,0,0,0,0,0,0,0,0,0,VMC,,,,no,SADM 102300Z 07003KT CAVOK 17/06 Q1013,,no
2026-09-11,0,00 a 01,0,0,0,0,0,0,0,0,0,VMC,,,,no,SADM 110000Z 05006KT CAVOK 17/06 Q1013,,no
2026-09-11,1,01 a 02,0,0,0,0,0,0,0,0,0,VMC,,,,no,SADM 110100Z 05006KT CAVOK 16/07 Q1014,,no
2026-09-11,2,02 a 03,0,0,0,0,0,0,0,0,0,VMC,,,,no,SADM 110200Z 07002KT CAVOK 16/08 Q1013,,no
2026-09-11,3,03 a 04,0,0,0,0,0,0,0,0,0,VMC,,,,no,SADM 110300Z 09002KT CAVOK 15/08 Q1014,,no
2026-09-11,4,04 a 05,0,0,0,0,0,0,0,0,0,VMC,,,,no,SADM 110400Z 05003KT CAVOK 15/08 Q1013,,no
2026-09-11,5,05 a 06,0,0,0,0,0,0,0,0,0,VMC,,,,no,SADM 110500Z 05003KT CAVOK 14/08 Q1013,,no
2026-09-11,6,06 a 07,0,0,0,0,0,0,0,0,0,VMC,,,,no,SADM 110600Z 09001KT CAVOK 12/07 Q1013,,no
2026-09-11,7,07 a 08,0,0,0,0,0,0,0,0,0,VMC,,,,no,SADM 110700Z 05002KT CAVOK 12/07 Q1013,,no
2026-09-11,8,08 a 09,0,0,0,0,0,0,0,0,0,VMC,,,,no,SADM 110800Z 14002KT CAVOK 12/07 Q1013,,no
2026-09-11,9,09 a 10,0,0,0,0,0,0,0,0,0,VMC,,,,no,SADM 110900Z 14001KT CAVOK 12/09 Q1014,,no
2026-09-11,10,10 a 11,0,0,0,0,0,0,0,0,0,IMC,3500,,vis 3500 m,si,SADM 111000Z 16001KT 5000 BR NSC 12/10 Q1014,SADM 111011Z COR 20004KT 3500 BR NSC 12/10 Q1015,no
2026-09-11,11,11 a 12,0,0,0,0,0,0,0,0,0,IMC,3500,,vis 3500 m,no,SADM 111100Z 20006KT 3500 BR NSC 11/10 Q1015,,si
2026-09-11,12,12 a 13,0,0,0,0,0,0,0,0,0,IMC,4000,,vis 4000 m,no,SADM 111200Z 18004KT 4000 BR NSC 13/11 Q1015,,si
2026-09-11,13,13 a 14,33,0,0,17,16,0,1,0,1,IMC,4000,20000,vis 4000 m,si,SADM 111300Z 18005KT 4000 FU NSC 14/11 Q1016,SADM 111316Z COR 20006KT 5000 FU SCT049 BKN200 14/11 Q1016,no
2026-09-11,14,14 a 15,30,0,0,24,6,0,0,0,1,VMC,9000,20000,,no,SADM 111400Z 16006KT 9000 FEW049 BKN200 16/11 Q1015,,no
2026-09-11,15,15 a 16,23,0,1,15,6,1,0,0,1,VMC,,20000,,no,SADM 111500Z 18009KT 9999 SCT042 OVC200 17/10 Q1015,,no
2026-09-11,16,16 a 17,57,0,1,22,34,0,0,0,1,VMC,,20000,,no,SADM 111600Z 18009KT 9999 SCT042 OVC200 18/08 Q1016,,no
2026-09-11,17,17 a 18,34,0,2,18,12,2,0,0,1,VMC,,20000,,no,SADM 111700Z 16006KT 9999 SCT042 OVC200 18/09 Q1016,,no
2026-09-11,18,18 a 19,31,0,0,25,6,0,1,0,1,VMC,,20000,,no,SADM 111800Z 15010KT 9999 FEW049TCU OVC200 18/10 Q1015,,no
2026-09-11,19,19 a 20,32,0,1,21,10,0,0,0,1,VMC,,20000,,no,SADM 111900Z 15008KT 9999 FEW032 FEW049TCU OVC200 18/10 Q1016,,no
2026-09-11,20,20 a 21,54,0,1,19,34,0,0,0,1,VMC,,20000,,no,SADM 112000Z 15007KT 9999 FEW032 FEW049TCU OVC200 18/10 Q1016,,no
2026-09-11,21,21 a 22,30,0,3,5,22,0,0,0,1,VMC,8000,3200,,no,SADM 112100Z 20008KT 8000 BKN032 SCT049TCU OVC200 17/11 Q1016,,no
2026-09-11,22,22 a 23,0,0,0,0,0,0,0,0,0,VMC,,10000,,no,SADM 112200Z 20008KT 9999 SCT032 FEW49TCU BKN100 OVC200 16/10 Q1017,,no
2026-09-11,23,23 a 00,0,0,0,0,0,0,0,0,0,VMC,,10000,,no,SADM 112300Z 20008KT 9999 TS FEW015 FEW045CB BKN100 OVC200 14/09 Q1019,,no
2026-09-12,0,00 a 01,0,0,0,0,0,0,0,0,0,VMC,,10000,,no,SADM 120000Z 16006KT 9999 SCT040 BKN100 OVC200 15/10 Q1019,,no
2026-09-12,1,01 a 02,0,0,0,0,0,0,0,0,0,VMC,,,,no,SADM 120100Z 16007KT CAVOK 14/09 Q1020,,no
2026-09-12,2,02 a 03,0,0,0,0,0,0,0,0,0,VMC,,,,no,SADM 120200Z 11005KT CAVOK 14/08 Q1021,,no
2026-09-12,3,03 a 04,0,0,0,0,0,0,0,0,0,VMC,,,,no,SADM 120300Z 11005KT CAVOK 13/07 Q1021,,no
2026-09-12,4,04 a 05,0,0,0,0,0,0,0,0,0,VMC,,,,no,SADM 120400Z 14008KT CAVOK 13/07 Q1022,,no
2026-09-12,5,05 a 06,0,0,0,0,0,0,0,0,0,VMC,,,,no,SADM 120500Z 14009KT 9999 SCT040 13/08 Q1022,,no
2026-09-12,6,06 a 07,0,0,0,0,0,0,0,0,0,VMC,,3000,,no,SADM 120600Z 14010KT 9999 BKN030 12/08 Q1023,,no
2026-09-12,7,07 a 08,0,0,0,0,0,0,0,0,0,VMC,,,,no,SADM 120700Z 14008KT 9999 SCT020 SCT100 12/08 Q1023,,no
2026-09-12,8,08 a 09,0,0,0,0,0,0,0,0,0,VMC,,2200,,no,SADM 120800Z 18010KT 9999 SCT015 OVC022 11/08 Q1025,,no
2026-09-12,9,09 a 10,0,0,0,0,0,0,0,0,0,VMC,,1000,,no,SADM 120900Z 16012KT 9999 OVC010 10/08 Q1026,,no
2026-09-12,10,10 a 11,0,0,0,0,0,0,0,0,0,VMC,6000,1000,,no,SADM 121000Z 18010KT 6000 -DZ OVC010 10/07 Q1026,,no
2026-09-12,11,11 a 12,0,0,0,0,0,0,0,0,0,IMC,3000,700,vis 3000 m + techo 700 ft,no,SADM 121100Z 18011KT 3000 -DZ OVC007 10/08 Q1028,,si
2026-09-12,12,12 a 13,0,0,0,0,0,0,0,0,0,IMC,3000,700,vis 3000 m + techo 700 ft,no,SADM 121200Z 18012G22KT 3000 -DZ OVC007 09/09 Q1029,,si
2026-09-12,13,13 a 14,0,0,0,0,0,0,0,0,0,IMC,3000,800,vis 3000 m + techo 800 ft,no,SADM 121300Z 18012KT 3000 -DZ OVC008 10/09 Q1030,,si
2026-09-12,14,14 a 15,1,0,1,0,0,0,0,0,1,IMC,4000,1200,vis 4000 m,si,SADM 121400Z 18012KT 6000 -DZ OVC012 09/06 Q1031,SADM 121435Z 18013KT 4000 -DZ OVC015 08/06 Q1031,no
2026-09-12,15,15 a 16,5,0,1,4,0,0,0,0,1,VMC,6000,1300,,no,SADM 121500Z 18013KT 6000 -DZ OVC013 08/06 Q1031,,no
2026-09-12,16,16 a 17,6,0,0,4,2,0,0,0,1,VMC,,2000,,no,SADM 121600Z 18013KT 9999 OVC020 07/05 Q1031,,no
2026-09-12,17,17 a 18,4,0,0,4,0,0,0,0,1,VMC,,2200,,no,SADM 121700Z 18014KT 9999 SCT016 OVC022 07/05 Q1031,,no
2026-09-12,18,18 a 19,15,0,3,3,8,1,0,0,1,VMC,,1800,,no,SADM 121800Z 18014KT 9999 SCT013 OVC018 07/03 Q1031,,no
2026-09-12,19,19 a 20,7,0,1,5,0,1,0,0,1,VMC,,4000,,no,SADM 121900Z 18015KT 9999 SCT022 OVC040 07/04 Q1032,,no
2026-09-12,20,20 a 21,32,0,2,8,22,0,0,0,1,VMC,,4000,,no,SADM 122000Z 16011KT 9999 SCT020 BKN040 08/03 Q1032,,no
2026-09-12,21,21 a 22,0,0,0,0,0,0,0,0,0,VMC,,4800,,no,SADM 122100Z 16010KT 9999 SCT025 BKN048 07/03 Q1033,,no
2026-09-12,22,22 a 23,0,0,0,0,0,0,0,0,0,VMC,,4500,,no,SADM 122200Z 16009KT 9999 OVC045 07/02 Q1033,,no
2026-09-12,23,23 a 00,0,0,0,0,0,0,0,0,0,VMC,,4500,,no,SADM 122300Z 16009KT 9999 OVC045 07/02 Q1033,,no
2026-09-13,0,00 a 01,0,0,0,0,0,0,0,0,0,VMC,,4800,,no,SADM 130000Z 16010KT 9999 OVC048 07/02 Q1034,,no
2026-09-13,1,01 a 02,0,0,0,0,0,0,0,0,0,VMC,,4800,,no,SADM 130100Z 16009KT 9999 OVC048 07/01 Q1034,,no
2026-09-13,2,02 a 03,0,0,0,0,0,0,0,0,0,VMC,,,,no,SADM 130200Z 16010KT CAVOK 07/M00 Q1035,,no
2026-09-13,3,03 a 04,0,0,0,0,0,0,0,0,0,VMC,,,,no,SADM 130300Z 16008KT CAVOK 06/01 Q1035,,no
2026-09-13,4,04 a 05,0,0,0,0,0,0,0,0,0,VMC,,,,no,SADM 130400Z 18009KT CAVOK 06/M01 Q1035,,no
2026-09-13,5,05 a 06,0,0,0,0,0,0,0,0,0,VMC,,,,no,SADM 130500Z 18007KT CAVOK 05/M01 Q1035,,no
2026-09-13,6,06 a 07,0,0,0,0,0,0,0,0,0,VMC,,,,no,SADM 130600Z 18005KT CAVOK 03/M01 Q1035,,no
2026-09-13,7,07 a 08,0,0,0,0,0,0,0,0,0,VMC,,,,no,SADM 130700Z 18007KT CAVOK 01/M02 Q1034,,no
2026-09-13,8,08 a 09,0,0,0,0,0,0,0,0,0,VMC,,,,no,SADM 130800Z 18004KT CAVOK 01/M02 Q1035,,no
2026-09-13,9,09 a 10,0,0,0,0,0,0,0,0,0,VMC,,,,no,SADM 130900Z 18006KT CAVOK 00/M03 Q1034,,no
2026-09-13,10,10 a 11,0,0,0,0,0,0,0,0,0,VMC,,,,no,SADM 131000Z 18005KT CAVOK 00/M03 Q1035,,no
2026-09-13,11,11 a 12,7,0,0,7,0,0,0,0,1,VMC,,,,no,SADM 131100Z 18008KT CAVOK 01/M03 Q1035,,no
2026-09-13,12,12 a 13,27,0,1,18,8,0,0,0,1,VMC,,,,no,SADM 131200Z 16007KT CAVOK 05/M01 Q1035,,no
2026-09-13,13,13 a 14,42,0,0,24,18,0,1,0,1,VMC,,,,no,SADM 131300Z 14007KT CAVOK 07/00 Q1035,,no
2026-09-13,14,14 a 15,34,0,0,18,16,0,0,0,1,VMC,,,,no,SADM 131400Z 16007KT CAVOK 08/M00 Q1034,,no
2026-09-13,15,15 a 16,33,0,4,24,4,1,0,0,1,VMC,,,,no,SADM 131500Z 18004KT CAVOK 09/M02 Q1034,,no
2026-09-13,16,16 a 17,44,0,2,22,20,0,0,0,1,VMC,,,,no,SADM 131600Z 18003KT CAVOK 11/M02 Q1033,,no
2026-09-13,17,17 a 18,30,0,2,19,8,1,0,0,1,VMC,,,,no,SADM 131700Z 18006KT CAVOK 12/M02 Q1032,,no
2026-09-13,18,18 a 19,24,0,0,18,6,0,0,1,0,VMC,,,,no,SADM 131800Z 11004KT CAVOK 12/M01 Q1031,,no
2026-09-13,19,19 a 20,27,0,0,25,2,0,0,0,1,VMC,,,,no,SADM 131900Z 09004KT CAVOK 12/M00 Q1030,,no
2026-09-13,20,20 a 21,24,0,0,19,2,3,0,1,0,VMC,,,,no,SADM 132000Z 09004KT CAVOK 12/M01 Q1029,,no
2026-09-13,21,21 a 22,23,0,1,14,8,0,0,1,0,VMC,,,,no,SADM 132100Z 05006KT CAVOK 11/M01 Q1029,,no
2026-09-13,22,22 a 23,0,0,0,0,0,0,0,0,0,VMC,,,,no,SADM 132200Z 05004KT CAVOK 09/M01 Q1030,,no
2026-09-13,23,23 a 00,0,0,0,0,0,0,0,0,0,VMC,,,,no,SADM 132300Z 02003KT CAVOK 09/M00 Q1030,,no
2026-09-14,0,00 a 01,0,0,0,0,0,0,0,0,0,VMC,,,,no,SADM 140000Z 02004KT CAVOK 08/00 Q1030,,no
2026-09-14,1,01 a 02,0,0,0,0,0,0,0,0,0,VMC,,,,no,SADM 140100Z 02003KT CAVOK 08/01 Q1030,,no
2026-09-14,2,02 a 03,0,0,0,0,0,0,0,0,0,VMC,,,,no,SADM 140200Z 02003KT CAVOK 07/01 Q1029,,no
2026-09-14,3,03 a 04,0,0,0,0,0,0,0,0,0,VMC,,,,no,SADM 140300Z 02002KT CAVOK 05/M00 Q1029,,no
2026-09-14,4,04 a 05,0,0,0,0,0,0,0,0,0,VMC,,,,no,SADM 140400Z 07002KT CAVOK 04/M01 Q1029,,no
2026-09-14,5,05 a 06,0,0,0,0,0,0,0,0,0,VMC,,,,no,SADM 140500Z 00000KT CAVOK 04/M01 Q1028,,no
2026-09-14,6,06 a 07,0,0,0,0,0,0,0,0,0,VMC,,,,no,SADM 140600Z 36002KT CAVOK 03/M01 Q1027,,no
2026-09-14,7,07 a 08,0,0,0,0,0,0,0,0,0,VMC,,,,no,SADM 140700Z 02005KT CAVOK 03/M01 Q1026,,no
2026-09-14,8,08 a 09,0,0,0,0,0,0,0,0,0,VMC,,,,no,SADM 140800Z 02003KT CAVOK 03/00 Q1026,,no
2026-09-14,9,09 a 10,0,0,0,0,0,0,0,0,0,VMC,,,,no,SADM 140900Z 36002KT CAVOK 02/00 Q1026,,no
2026-09-14,10,10 a 11,0,0,0,0,0,0,0,0,0,VMC,,,,no,SADM 141000Z 02005KT CAVOK 03/01 Q1025,,no
2026-09-14,11,11 a 12,9,0,0,9,0,0,0,1,0,VMC,,,,no,SADM 141100Z 02004KT CAVOK 06/03 Q1025,,no
2026-09-14,12,12 a 13,12,0,0,12,0,0,0,1,0,VMC,,,,no,SADM 141200Z 02006KT CAVOK 09/03 Q1025,,no
2026-09-14,13,13 a 14,15,0,0,15,0,0,0,1,0,VMC,,,,no,SADM 141300Z 02005KT CAVOK 11/04 Q1025,,no
2026-09-14,14,14 a 15,36,0,0,25,10,1,0,1,0,VMC,,,,no,SADM 141400Z 32005KT 9999 FEW040 12/00 Q1024,,no
2026-09-14,15,15 a 16,28,0,0,24,4,0,0,1,0,VMC,,,,no,SADM 141500Z 02006KT CAVOK 14/M02 Q1023,,no
2026-09-14,16,16 a 17,33,0,0,23,10,0,0,1,0,VMC,,,,no,SADM 141600Z 02006KT CAVOK 15/01 Q1022,,no
2026-09-14,17,17 a 18,36,0,0,16,20,0,1,1,0,VMC,,,,no,SADM 141700Z 36005KT CAVOK 15/02 Q1022,,no
2026-09-14,18,18 a 19,32,0,3,23,6,0,0,1,0,VMC,,,,no,SADM 141800Z 34008KT CAVOK 16/00 Q1020,,no
2026-09-14,19,19 a 20,30,0,2,23,4,1,0,1,0,VMC,,,,no,SADM 141900Z 29010KT CAVOK 16/00 Q1020,,no
2026-09-14,20,20 a 21,32,0,0,20,12,0,0,1,0,VMC,,,,no,SADM 142000Z 29007KT CAVOK 14/01 Q1019,,no
2026-09-14,21,21 a 22,18,0,1,9,8,0,0,1,0,VMC,,,,no,SADM 142100Z 29006KT CAVOK 15/02 Q1019,,no
2026-09-14,22,22 a 23,0,0,0,0,0,0,0,0,0,VMC,,,,no,SADM 142200Z 29006KT CAVOK 13/01 Q1019,,no
2026-09-14,23,23 a 00,0,0,0,0,0,0,0,0,0,VMC,,,,no,SADM 142300Z 32004KT CAVOK 12/02 Q1019,,no
2026-09-15,0,00 a 01,0,0,0,0,0,0,0,0,0,VMC,,,,no,SADM 150000Z 34008KT CAVOK 13/02 Q1019,,no
2026-09-15,1,01 a 02,0,0,0,0,0,0,0,0,0,VMC,,,,no,SADM 150100Z 36007KT CAVOK 11/03 Q1019,,no
2026-09-15,2,02 a 03,0,0,0,0,0,0,0,0,0,VMC,,,,no,SADM 150200Z 36006KT CAVOK 11/03 Q1019,,no
2026-09-15,3,03 a 04,0,0,0,0,0,0,0,0,0,VMC,,,,no,SADM 150300Z 36005KT CAVOK 11/04 Q1019,,no
2026-09-15,4,04 a 05,0,0,0,0,0,0,0,0,0,VMC,,,,no,SADM 150400Z 36007KT CAVOK 11/04 Q1018,,no
2026-09-15,5,05 a 06,0,0,0,0,0,0,0,0,0,VMC,,,,no,SADM 150500Z 36005KT CAVOK 11/04 Q1018,,no
2026-09-15,6,06 a 07,0,0,0,0,0,0,0,0,0,VMC,,,,no,SADM 150600Z 34006KT CAVOK 11/04 Q1018,,no
2026-09-15,7,07 a 08,0,0,0,0,0,0,0,0,0,VMC,,,,no,SADM 150700Z 32006KT CAVOK 11/04 Q1017,,no
2026-09-15,8,08 a 09,0,0,0,0,0,0,0,0,0,VMC,,,,no,SADM 150800Z 32006KT CAVOK 10/05 Q1017,,no
2026-09-15,9,09 a 10,0,0,0,0,0,0,0,0,0,VMC,,,,no,SADM 150900Z 32006KT CAVOK 10/06 Q1018,,no
2026-09-15,10,10 a 11,0,0,0,0,0,0,0,0,0,VMC,,,,no,SADM 151000Z 32005KT CAVOK 09/06 Q1018,,no
2026-09-15,11,11 a 12,10,0,2,8,0,0,0,1,0,VMC,,,,no,SADM 151100Z 32005KT CAVOK 10/07 Q1018,,no
2026-09-15,12,12 a 13,17,0,0,7,8,2,0,1,0,VMC,,,,no,SADM 151200Z 29008KT CAVOK 13/07 Q1019,,no
2026-09-15,13,13 a 14,19,0,1,12,6,0,0,1,0,VMC,,,,no,SADM 151300Z 29007KT CAVOK 15/08 Q1019,,no
2026-09-15,14,14 a 15,21,0,0,21,0,0,0,1,0,VMC,,,,no,SADM 151400Z 29007KT CAVOK 18/08 Q1019,,no
2026-09-15,15,15 a 16,28,0,1,27,0,0,0,0,1,VMC,,,,no,SADM 151500Z 23012KT CAVOK 19/09 Q1019,,no
2026-09-15,16,16 a 17,24,0,1,23,0,0,0,0,1,VMC,,,,no,SADM 151600Z 23011KT CAVOK 19/10 Q1019,,no
2026-09-15,17,17 a 18,26,0,0,16,10,0,0,0,1,VMC,,,,no,COR SADM 151700Z 20011KT 9999 FEW025 19/09 Q1019,,no
2026-09-15,18,18 a 19,44,0,1,23,18,2,0,0,1,VMC,,,,no,SADM 151800Z 18012KT 9999 FEW035 18/08 Q1019,,no
2026-09-15,19,19 a 20,61,0,3,26,32,0,0,0,1,VMC,,,,no,SADM 151900Z 16013KT 9999 FEW035 18/06 Q1019,,no
2026-09-15,20,20 a 21,23,0,1,15,6,1,0,0,1,VMC,,,,no,SADM 152000Z 16013KT 9999 FEW035 17/06 Q1020,,no
2026-09-15,21,21 a 22,39,0,3,12,24,0,0,0,1,VMC,,,,no,SADM 152100Z 18014KT 9999 FEW035 15/05 Q1021,,no
2026-09-15,22,22 a 23,0,0,0,0,0,0,0,0,0,VMC,,,,no,SADM 152200Z 16015KT 9999 FEW025 14/05 Q1021,,no
2026-09-15,23,23 a 00,0,0,0,0,0,0,0,0,0,VMC,,,,no,SADM 152300Z 16013KT 9999 FEW035 13/04 Q1021,,no
2026-09-16,0,00 a 01,0,0,0,0,0,0,0,0,0,VMC,,,,no,SADM 160000Z 14009KT CAVOK 12/05 Q1023,,no
2026-09-16,1,01 a 02,0,0,0,0,0,0,0,0,0,VMC,,,,no,SADM 160100Z 14010KT CAVOK 10/03 Q1024,,no
2026-09-16,2,02 a 03,0,0,0,0,0,0,0,0,0,VMC,,,,no,SADM 160200Z 14010KT CAVOK 10/03 Q1024,,no
2026-09-16,3,03 a 04,0,0,0,0,0,0,0,0,0,VMC,,,,no,SADM 160300Z 14008KT CAVOK 09/03 Q1024,,no
2026-09-16,4,04 a 05,0,0,0,0,0,0,0,0,0,VMC,,,,no,SADM 160400Z 14008KT CAVOK 09/03 Q1024,,no
2026-09-16,5,05 a 06,0,0,0,0,0,0,0,0,0,VMC,,,,no,SADM 160500Z 14005KT CAVOK 07/02 Q1024,,no
2026-09-16,6,06 a 07,0,0,0,0,0,0,0,0,0,VMC,,,,no,SADM 160600Z 14006KT CAVOK 07/02 Q1025,,no
2026-09-16,7,07 a 08,0,0,0,0,0,0,0,0,0,VMC,,,,no,SADM 160700Z 14007KT CAVOK 06/02 Q1025,,no
2026-09-16,8,08 a 09,0,0,0,0,0,0,0,0,0,VMC,,,,no,SADM 160800Z 14006KT CAVOK 05/02 Q1024,,no
2026-09-16,9,09 a 10,0,0,0,0,0,0,0,0,0,VMC,,,,no,SADM 160900Z 14005KT CAVOK 05/02 Q1024,,no
2026-09-16,10,10 a 11,0,0,0,0,0,0,0,0,0,VMC,,,,no,SADM 161000Z 11004KT CAVOK 04/02 Q1024,,no
2026-09-16,11,11 a 12,8,0,0,7,0,1,0,0,1,VMC,,,,no,SADM 161100Z 11005KT CAVOK 06/01 Q1025,,no
2026-09-16,12,12 a 13,28,0,0,12,16,0,0,0,1,VMC,,,,no,SADM 161200Z 11006KT 9999 FEW025 08/01 Q1025,,no
2026-09-16,13,13 a 14,17,0,0,17,0,0,0,1,1,VMC,,,,no,SADM 161300Z 07007KT 9999 FEW025 11/04 Q1026,,no
2026-09-16,14,14 a 15,19,0,0,17,2,0,0,1,0,VMC,,,,no,SADM 161400Z 07009KT 9999 SCT028 11/03 Q1025,,no
2026-09-16,15,15 a 16,38,0,1,19,16,2,1,1,0,VMC,,,,no,SADM 161500Z 07008KT CAVOK 13/03 Q1025,,no
2026-09-16,16,16 a 17,53,0,3,23,26,1,0,1,0,VMC,,,,no,SADM 161600Z 07010KT CAVOK 13/03 Q1024,,no
2026-09-16,17,17 a 18,30,0,2,14,14,0,0,1,0,VMC,,,,no,SADM 161700Z 05008KT CAVOK 13/02 Q1023,,no
2026-09-16,18,18 a 19,25,0,0,25,0,0,0,1,0,VMC,,,,no,SADM 161800Z 02008KT CAVOK 14/02 Q1023,,no
2026-09-16,19,19 a 20,53,0,0,27,26,0,0,1,0,VMC,,,,no,SADM 161900Z 05009KT CAVOK 14/03 Q1022,,no
2026-09-16,20,20 a 21,32,0,0,26,6,0,0,1,0,VMC,,,,no,SADM 162000Z 02008KT CAVOK 14/03 Q1022,,no
2026-09-16,21,21 a 22,14,0,0,14,0,0,0,1,0,VMC,,,,no,SADM 162100Z 02006KT CAVOK 14/04 Q1022,,no
2026-09-16,22,22 a 23,0,0,0,0,0,0,0,0,0,VMC,,,,no,SADM 162200Z 05004KT CAVOK 13/05 Q1022,,no
2026-09-16,23,23 a 00,0,0,0,0,0,0,0,0,0,VMC,,,,no,SADM 162300Z 07005KT CAVOK 12/07 Q1022,,no
2026-09-17,0,00 a 01,0,0,0,0,0,0,0,0,0,VMC,,,,no,SADM 170000Z 07003KT CAVOK 12/08 Q1022,,no
2026-09-17,1,01 a 02,0,0,0,0,0,0,0,0,0,VMC,,,,no,SADM 170100Z 05002KT CAVOK 11/09 Q1022,,no
2026-09-17,2,02 a 03,0,0,0,0,0,0,0,0,0,VMC,,,,no,SADM 170200Z 05002KT CAVOK 12/09 Q1022,,no
2026-09-17,3,03 a 04,0,0,0,0,0,0,0,0,0,VMC,,,,no,SADM 170300Z 05002KT CAVOK 11/09 Q1022,,no
2026-09-17,4,04 a 05,0,0,0,0,0,0,0,0,0,VMC,,,,no,SADM 170400Z 02005KT CAVOK 12/09 Q1022,,no
2026-09-17,5,05 a 06,0,0,0,0,0,0,0,0,0,VMC,,,,no,SADM 170500Z 36006KT CAVOK 12/09 Q1022,,no
2026-09-17,6,06 a 07,0,0,0,0,0,0,0,0,0,SIN DATO,,,,no,,,no
2026-09-17,7,07 a 08,0,0,0,0,0,0,0,0,0,SIN DATO,,,,no,,,no
2026-09-17,8,08 a 09,0,0,0,0,0,0,0,0,0,SIN DATO,,,,no,,,no
2026-09-17,9,09 a 10,0,0,0,0,0,0,0,0,0,SIN DATO,,,,no,,,no
2026-09-17,10,10 a 11,0,0,0,0,0,0,0,0,0,SIN DATO,,,,no,,,no
2026-09-17,11,11 a 12,8,0,0,8,0,0,0,1,0,VMC,,,,no,SADM 171100Z 02008KT CAVOK 12/08 Q1023,,no
2026-09-17,12,12 a 13,28,0,0,16,12,0,1,1,0,SIN DATO,,,,no,,,no
2026-09-17,13,13 a 14,22,0,2,18,2,0,1,1,0,VMC,,,,no,SADM 171300Z 36010KT CAVOK 16/10 Q1024,,no
2026-09-17,14,14 a 15,33,0,0,31,2,0,1,1,0,VMC,,,,no,SADM 171400Z 03610KT CAVOK 20/10 Q1023,,no
2026-09-17,15,15 a 16,18,0,0,17,0,1,0,1,0,VMC,,,,no,COR SADM 171500Z 34011KT CAVOK 22/12 Q1023,,no
2026-09-17,16,16 a 17,23,0,0,21,2,0,0,1,0,VMC,,,,no,SADM 171600Z 34012KT CAVOK 24/10 Q1022,,no
2026-09-17,17,17 a 18,26,0,0,24,2,0,0,1,0,VMC,,,,no,COR SADM 171700Z 36011KT CAVOK 25/09 Q1022,,no
2026-09-17,18,18 a 19,50,0,1,26,22,1,0,1,0,VMC,,,,no,SADM 171800Z 32007KT CAVOK 25/09 Q1021,,no
2026-09-17,19,19 a 20,40,0,1,19,20,0,0,1,0,VMC,,,,no,SADM 171900Z 34008KT CAVOK 25/09 Q1021,,no
2026-09-17,20,20 a 21,50,0,1,25,22,2,0,1,0,VMC,,,,no,SADM 172000Z 02009KT CAVOK 25/10 Q1020,,no
2026-09-17,21,21 a 22,23,0,3,10,10,0,0,1,0,VMC,,,,no,SADM 172100Z 02008KT CAVOK 24/09 Q1021,,no
2026-09-17,22,22 a 23,0,0,0,0,0,0,0,0,0,VMC,,,,no,SADM 172200Z 02005KT CAVOK 23/08 Q1021,,no
2026-09-17,23,23 a 00,0,0,0,0,0,0,0,0,0,VMC,,,,no,SADM 172300Z 02006KT CAVOK 21/09 Q1022,,no
2026-09-18,0,00 a 01,0,0,0,0,0,0,0,0,0,VMC,,,,no,SADM 180000Z 02004KT CAVOK 20/09 Q1022,,no
2026-09-18,1,01 a 02,0,0,0,0,0,0,0,0,0,VMC,,,,no,SADM 180100Z 02003KT CAVOK 19/09 Q1023,,no
2026-09-18,2,02 a 03,0,0,0,0,0,0,0,0,0,VMC,,,,no,SADM 180200Z 02003KT CAVOK 18/10 Q1023,,no
2026-09-18,3,03 a 04,0,0,0,0,0,0,0,0,0,VMC,,,,no,SADM 180300Z 02003KT CAVOK 17/10 Q1023,,no
2026-09-18,4,04 a 05,0,0,0,0,0,0,0,0,0,VMC,,,,no,SADM 180400Z 02004KT CAVOK 17/10 Q1022,,no
2026-09-18,5,05 a 06,0,0,0,0,0,0,0,0,0,VMC,,,,no,SADM 180500Z 02004KT CAVOK 16/10 Q1022,,no
2026-09-18,6,06 a 07,0,0,0,0,0,0,0,0,0,VMC,,,,no,SADM 180600Z 02003KT CAVOK 15/10 Q1022,,no
2026-09-18,7,07 a 08,0,0,0,0,0,0,0,0,0,VMC,,,,no,SADM 180700Z 02004KT CAVOK 15/10 Q1022,,no
2026-09-18,8,08 a 09,0,0,0,0,0,0,0,0,0,VMC,,,,no,SADM 180800Z 02005KT CAVOK 14/10 Q1022,,no
2026-09-18,9,09 a 10,0,0,0,0,0,0,0,0,0,VMC,,,,no,SADM 180900Z 36006KT CAVOK 13/08 Q1022,,no
2026-09-18,10,10 a 11,0,0,0,0,0,0,0,0,0,VMC,,,,no,SADM 181000Z 36005KT CAVOK 12/08 Q1023,,no
2026-09-18,11,11 a 12,15,0,0,9,6,0,0,1,0,VMC,,,,no,SADM 181100Z 02007KT CAVOK 16/10 Q1023,,no
2026-09-18,12,12 a 13,17,0,0,14,2,1,0,1,0,VMC,,,,no,SADM 181200Z 36007KT CAVOK 18/11 Q1023,,no
2026-09-18,13,13 a 14,26,0,0,15,10,1,1,1,0,VMC,,,,no,SADM 181300Z 02007KT CAVOK 21/11 Q1023,,no
2026-09-18,14,14 a 15,19,0,0,19,0,0,0,1,0,VMC,,,,no,SADM 181400Z 02008KT CAVOK 22/10 Q1023,,no
2026-09-18,15,15 a 16,28,0,1,15,12,0,0,1,0,VMC,,,,no,SADM 181500Z 02008KT CAVOK 22/09 Q1022,,no
2026-09-18,16,16 a 17,30,0,2,18,10,0,0,1,0,VMC,,,,no,SADM 181600Z 02006KT CAVOK 23/09 Q1021,,no
2026-09-18,17,17 a 18,27,0,5,18,4,0,0,1,0,VMC,,,,no,SADM 181700Z 02007KT CAVOK 23/09 Q1020,,no
2026-09-18,18,18 a 19,43,0,2,23,18,0,0,1,0,VMC,,,,no,SADM 181800Z 02006KT CAVOK 22/09 Q1020,,no
2026-09-18,19,19 a 20,40,0,2,26,12,0,0,1,0,VMC,,,,no,SADM 181900Z 05007KT CAVOK 23/08 Q1019,,no
2026-09-18,20,20 a 21,27,0,0,23,4,0,0,1,0,VMC,,,,no,SADM 182000Z 02007KT CAVOK 22/08 Q1019,,no
2026-09-18,21,21 a 22,19,0,0,18,0,1,0,1,0,VMC,,,,no,SADM 182100Z 05008KT CAVOK 22/09 Q1018,,no
2026-09-18,22,22 a 23,0,0,0,0,0,0,0,1,0,VMC,,,,no,SADM 182200Z 05004KT CAVOK 21/10 Q1018,,no
2026-09-18,23,23 a 00,0,0,0,0,0,0,0,0,0,VMC,,,,no,SADM 182300Z 09003KT CAVOK 20/11 Q1018,,no
2026-09-19,0,00 a 01,0,0,0,0,0,0,0,0,0,VMC,,,,no,SADM 190000Z 09002KT CAVOK 19/11 Q1019,,no
2026-09-19,1,01 a 02,0,0,0,0,0,0,0,0,0,VMC,,,,no,SADM 190100Z 10002KT CAVOK 19/11 Q1018,,no
2026-09-19,2,02 a 03,0,0,0,0,0,0,0,0,0,VMC,,,,no,SADM 190200Z 09003KT CAVOK 18/11 Q1018,,no
2026-09-19,3,03 a 04,0,0,0,0,0,0,0,0,0,VMC,,,,no,SADM 190300Z 05003KT CAVOK 17/12 Q1017,,no
2026-09-19,4,04 a 05,0,0,0,0,0,0,0,0,0,VMC,,,,no,SADM 190400Z 05004KT CAVOK 17/10 Q1017,,no
2026-09-19,5,05 a 06,0,0,0,0,0,0,0,0,0,VMC,,,,no,SADM 190500Z 05004KT CAVOK 18/11 Q1017,,no
2026-09-19,6,06 a 07,0,0,0,0,0,0,0,0,0,VMC,,,,no,SADM 190600Z 02006KT CAVOK 18/10 Q1016,,no
2026-09-19,7,07 a 08,0,0,0,0,0,0,0,0,0,VMC,,,,no,SADM 190700Z 02007KT CAVOK 18/10 Q1015,,no
2026-09-19,8,08 a 09,0,0,0,0,0,0,0,0,0,VMC,,,,no,SADM 190800Z 02007KT CAVOK 17/11 Q1015,,no
2026-09-19,9,09 a 10,0,0,0,0,0,0,0,0,0,VMC,,,,no,SADM 190900Z 05006KT CAVOK 17/11 Q1015,,no
2026-09-19,10,10 a 11,0,0,0,0,0,0,0,0,0,VMC,,,,no,SADM 191000Z 02006KT CAVOK 17/12 Q1015,,no
2026-09-19,11,11 a 12,14,0,1,13,0,0,0,1,0,VMC,,,,no,SADM 191100Z 02007KT CAVOK 17/12 Q1015,,no
2026-09-19,12,12 a 13,57,0,0,22,34,1,1,1,0,VMC,,,,no,SADM 191200Z 02007KT CAVOK 19/13 Q1015,,no
2026-09-19,13,13 a 14,33,0,1,30,2,0,0,1,0,VMC,,,,no,SADM 191300Z 02006KT CAVOK 21/12 Q1014,,no
2026-09-19,14,14 a 15,37,0,1,36,0,0,0,1,0,VMC,,,,no,SADM 191400Z 36006KT CAVOK 23/12 Q1014,,no
2026-09-19,15,15 a 16,44,0,3,40,0,1,1,1,0,VMC,,,,no,SADM 191500Z 04005KT CAVOK 23/13 Q1013,,no
2026-09-19,16,16 a 17,30,0,1,28,0,1,0,1,0,VMC,,,,no,SADM 191600Z 36005KT CAVOK 25/14 Q1012,,no
2026-09-19,17,17 a 18,37,0,2,31,4,0,0,1,0,VMC,,,,no,SADM 191700Z 05003KT CAVOK 25/14 Q1011,,no
2026-09-19,18,18 a 19,32,0,2,26,4,0,0,1,0,VMC,,,,no,SADM 191800Z 02009KT CAVOK 23/14 Q1010,,no
2026-09-19,19,19 a 20,36,0,1,29,6,0,0,1,0,VMC,,,,no,SADM 191900Z 04006KT CAVOK 22/14 Q1009,,no
2026-09-19,20,20 a 21,31,0,2,25,4,0,0,1,0,VMC,,,,no,SADM 192000Z 05006KT CAVOK 23/10 Q1008,,no
2026-09-19,21,21 a 22,31,0,3,20,8,0,0,1,0,VMC,,,,no,SADM 192100Z 03006KT CAVOK 22/10 Q1008,,no
2026-09-19,22,22 a 23,0,0,0,0,0,0,0,0,0,VMC,9000,,,no,SADM 192200Z 04004KT 9000 NSC 21/13 Q1007,,no
2026-09-19,23,23 a 00,0,0,0,0,0,0,0,0,0,VMC,9000,,,no,SADM 192300Z 05002KT 9000 NSC 20/13 Q1007,,no
2026-09-20,0,00 a 01,0,0,0,0,0,0,0,0,0,VMC,,,,no,SADM 200000Z 09005KT CAVOK 20/13 Q1007,,no
2026-09-20,1,01 a 02,0,0,0,0,0,0,0,0,0,VMC,,,,no,SADM 200100Z 07005KT CAVOK 19/14 Q1007,,no
2026-09-20,2,02 a 03,0,0,0,0,0,0,0,0,0,VMC,,,,no,SADM 200200Z 04003KT CAVOK 19/14 Q1006,,no
2026-09-20,3,03 a 04,0,0,0,0,0,0,0,0,0,VMC,,,,no,SADM 200300Z 02004KT CAVOK 18/15 Q1006,,no
2026-09-20,4,04 a 05,0,0,0,0,0,0,0,0,0,VMC,,,,no,SADM 200400Z 04005KT CAVOK 18/15 Q1004,,no
2026-09-20,5,05 a 06,0,0,0,0,0,0,0,0,0,VMC,,,,no,SADM 200500Z 36005KT CAVOK 17/15 Q1004,,no
2026-09-20,6,06 a 07,0,0,0,0,0,0,0,0,0,VMC,,,,no,SADM 200600Z 36005KT CAVOK 17/15 Q1004,,no
2026-09-20,7,07 a 08,0,0,0,0,0,0,0,0,0,VMC,,,,no,SADM 200700Z 02006KT CAVOK 17/15 Q1003,,no
2026-09-20,8,08 a 09,0,0,0,0,0,0,0,0,0,VMC,,,,no,SADM 200800Z 36005KT CAVOK 16/15 Q1003,,no
2026-09-20,9,09 a 10,0,0,0,0,0,0,0,0,0,VMC,,,,no,SADM 200900Z 36007KT CAVOK 16/15 Q1003,,no
2026-09-20,10,10 a 11,0,0,0,0,0,0,0,0,0,VMC,5000,,,no,SADM 201000Z 36007KT 5000 BR NSC 16/15 Q1003,,no
2026-09-20,11,11 a 12,13,0,1,12,0,0,0,1,0,VMC,9000,,,no,SADM 201100Z 36008KT 9000 NSC 16/15 Q1003,,no
2026-09-20,12,12 a 13,19,0,1,16,2,0,1,1,0,VMC,,,,no,SADM 201200Z 34009KT CAVOK 17/15 Q1003,,no
2026-09-20,13,13 a 14,26,0,1,17,8,0,0,1,0,VMC,,,,no,SADM 201300Z 36009KT CAVOK 19/15 Q1002,,no
2026-09-20,14,14 a 15,35,0,2,23,10,0,0,1,0,VMC,,,,no,SADM 201400Z 36008KT CAVOK 22/15 Q1001,,no
2026-09-20,15,15 a 16,33,0,0,17,16,0,0,1,0,VMC,,,,no,SADM 201500Z 36011KT CAVOK 24/15 Q0999,,no
2026-09-20,16,16 a 17,23,0,0,17,6,0,0,1,0,VMC,,20000,,no,SADM 201600Z 36010KT 9999 FEW049TCU BKN200 25/17 Q0998,,no
2026-09-20,17,17 a 18,21,0,0,11,10,0,0,1,0,VMC,,20000,,no,SADM 201700Z 30012KT 9999 FEW049TCU BKN200 25/13 Q1000,,no
2026-09-20,18,18 a 19,0,0,0,0,0,0,0,0,0,IMC,4000,3400,vis 4000 m,si,SADM 201800Z 30011KT 4000 RA OVC049 23/16 Q1000,SADM 201832Z 23015G25KT 5000 VCSH BKN034 OVC049 22/16 Q1000 RERA || SADM 201848Z 23015G25KT 5000 TS BKN034 FEW049CB OVC058 22/16 Q1000,no
2026-09-20,19,19 a 20,0,0,0,0,0,0,0,0,0,IMC,3500,1000,vis 3500 m,no,SADM 201900Z 23015G26KT 3500 -TSRA BKN010 FEW049CB OVC058 17/15 Q1000,,no
2026-09-20,20,20 a 21,0,0,0,0,0,0,0,0,0,IMC,4000,3700,vis 4000 m,no,SADM 202000Z 20015KT 4000 RA BKN037 OVC100 17/16 Q1003 RETS,,no
2026-09-20,21,21 a 22,0,0,0,0,0,0,0,0,0,VMC,5000,3000,,no,SADM 202100Z 18008KT 5000 -RA BKN030 OVC100 14/13 Q1002,,no
2026-09-20,22,22 a 23,0,0,0,0,0,0,0,0,0,VMC,8000,3000,,no,SADM 202200Z 18008KT 8000 VCSH BKN030 BKN100 14/13 Q1001,,no
2026-09-20,23,23 a 00,0,0,0,0,0,0,0,0,0,VMC,,10000,,no,SADM 202300Z 34005KT 9999 SCT030 BKN100 14/13 Q1002,,no
2026-09-21,0,00 a 01,0,0,0,0,0,0,0,0,0,VMC,,10000,,no,SADM 210000Z 32009KT 9999 SCT030 BKN100 14/13 Q1003,,no
2026-09-21,1,01 a 02,0,0,0,0,0,0,0,0,0,VMC,,,,no,SADM 210100Z 23004KT CAVOK 13/12 Q1002,,no
2026-09-21,2,02 a 03,0,0,0,0,0,0,0,0,0,VMC,,,,no,SADM 210200Z 23007KT 9999 SCT004 12/11 Q1002,,no
2026-09-21,3,03 a 04,0,0,0,0,0,0,0,0,0,VMC,,,,no,COR SADM 210300Z 23007G20KT 9999 FEW006 11/10 Q1003,,no
2026-09-21,4,04 a 05,0,0,0,0,0,0,0,0,0,VMC,,,,no,SADM 210400Z 23007KT CAVOK 11/10 Q1003,,no
2026-09-21,5,05 a 06,0,0,0,0,0,0,0,0,0,VMC,,,,no,SADM 210500Z 23006KT CAVOK 11/10 Q1003,,no
2026-09-21,6,06 a 07,0,0,0,0,0,0,0,0,0,VMC,,,,no,SADM 210600Z 25013KT CAVOK 11/09 Q1003,,no
2026-09-21,7,07 a 08,0,0,0,0,0,0,0,0,0,VMC,,,,no,SADM 210700Z 25012KT CAVOK 12/09 Q1003,,no
2026-09-21,8,08 a 09,0,0,0,0,0,0,0,0,0,VMC,,,,no,SADM 210800Z 23012KT CAVOK 12/09 Q1005,,no
2026-09-21,9,09 a 10,0,0,0,0,0,0,0,0,0,VMC,,,,no,SADM 210900Z 23016G25KT CAVOK 13/03 Q1005,,no
2026-09-21,10,10 a 11,0,0,0,0,0,0,0,0,0,VMC,,,,no,SADM 211000Z 23015KT CAVOK 13/02 Q1006,,no
2026-09-21,11,11 a 12,1,0,0,1,0,0,0,0,1,VMC,,,,no,SADM 211100Z 24015KT CAVOK 12/M01 Q1008,,no
2026-09-21,12,12 a 13,7,0,1,4,2,0,0,0,1,VMC,,,,no,SADM 211200Z 25013KT CAVOK 13/00 Q1008,,no
2026-09-21,13,13 a 14,2,0,1,1,0,0,0,0,1,VMC,,,,no,SADM 211300Z 25021G30KT CAVOK 14/00 Q1009,,no
2026-09-21,14,14 a 15,1,0,0,1,0,0,0,0,1,VMC,,,,no,SADM 211400Z 23023G33KT CAVOK 14/M00 Q1009,,no
2026-09-21,15,15 a 16,0,0,0,0,0,0,0,0,1,VMC,,,,no,SADM 211500Z 25023G34KT CAVOK 15/00 Q1009,,no
2026-09-21,16,16 a 17,0,0,0,0,0,0,0,0,1,VMC,,,,no,SADM 211600Z 25022G33KT CAVOK 15/03 Q1009,,no
2026-09-21,17,17 a 18,0,0,0,0,0,0,0,0,1,VMC,,,,no,SADM 211700Z 25019G30KT CAVOK 15/03 Q1010,,no
2026-09-21,18,18 a 19,0,0,0,0,0,0,0,0,1,VMC,,,,no,SADM 211800Z 23020G32KT CAVOK 14/04 Q1010,,no
2026-09-21,19,19 a 20,1,0,0,1,0,0,0,0,1,VMC,,,,no,SADM 211900Z 23019KT CAVOK 14/04 Q1012,,no
2026-09-21,20,20 a 21,1,0,0,1,0,0,0,0,1,VMC,,,,no,SADM 212000Z 23017KT CAVOK 14/04 Q1012,,no
2026-09-21,21,21 a 22,0,0,0,0,0,0,0,0,0,VMC,,,,no,SADM 212100Z 22016KT CAVOK 14/05 Q1013,,no
2026-09-21,22,22 a 23,0,0,0,0,0,0,0,0,0,VMC,,,,no,SADM 212200Z 21016KT CAVOK 13/04 Q1014,,no
2026-09-21,23,23 a 00,0,0,0,0,0,0,0,0,0,VMC,,,,no,SADM 212300Z 21017KT CAVOK 11/03 Q1016,,no
2026-09-22,0,00 a 01,0,0,0,0,0,0,0,0,0,VMC,,,,no,SADM 220000Z 22013KT CAVOK 10/03 Q1017,,no
2026-09-22,1,01 a 02,0,0,0,0,0,0,0,0,0,VMC,,,,no,SADM 220100Z 21014KT CAVOK 10/02 Q1018,,no
2026-09-22,2,02 a 03,0,0,0,0,0,0,0,0,0,VMC,,,,no,SADM 220200Z 22011KT CAVOK 09/02 Q1019,,no
2026-09-22,3,03 a 04,0,0,0,0,0,0,0,0,0,VMC,,,,no,SADM 220300Z 20011KT CAVOK 07/02 Q1019,,no
2026-09-22,4,04 a 05,0,0,0,0,0,0,0,0,0,VMC,,,,no,SADM 220400Z 21011KT CAVOK 07/02 Q1019,,no
2026-09-22,5,05 a 06,0,0,0,0,0,0,0,0,0,VMC,,,,no,SADM 220500Z 21010KT CAVOK 06/01 Q1019,,no
2026-09-22,6,06 a 07,0,0,0,0,0,0,0,0,0,VMC,,,,no,SADM 220600Z 23011KT CAVOK 06/02 Q1019,,no
2026-09-22,7,07 a 08,0,0,0,0,0,0,0,0,0,VMC,,,,no,SADM 220700Z 23012KT CAVOK 06/02 Q1019,,no
2026-09-22,8,08 a 09,0,0,0,0,0,0,0,0,0,VMC,,,,no,SADM 220800Z 23009KT CAVOK 06/02 Q1019,,no
2026-09-22,9,09 a 10,0,0,0,0,0,0,0,0,0,VMC,,,,no,SADM 220900Z 23009KT CAVOK 05/03 Q1020,,no
2026-09-22,10,10 a 11,0,0,0,0,0,0,0,0,0,VMC,,,,no,SADM 221000Z 23010KT CAVOK 04/02 Q1021,,no
2026-09-22,11,11 a 12,9,0,0,8,0,1,0,0,1,VMC,,,,no,SADM 221100Z 23009KT CAVOK 05/02 Q1022,,no
2026-09-22,12,12 a 13,35,0,0,19,16,0,0,0,1,VMC,,,,no,SADM 221200Z 20013KT CAVOK 07/02 Q1023,,no
2026-09-22,13,13 a 14,16,0,0,16,0,0,1,0,1,VMC,,2000,,no,SADM 221300Z 20011KT 9999 BKN020 08/03 Q1024,,no
2026-09-22,14,14 a 15,37,0,2,25,10,0,1,0,1,VMC,,2500,,no,SADM 221400Z 20011KT 9999 BKN025 10/03 Q1024,,no
2026-09-22,15,15 a 16,45,0,3,28,14,0,0,0,1,VMC,,3500,,no,SADM 221500Z 20010KT 9999 BKN035 10/02 Q1024,,no
2026-09-22,16,16 a 17,29,0,0,23,6,0,0,0,1,VMC,,3500,,no,SADM 221600Z 20011KT 9999 BKN035 12/01 Q1024,,no
2026-09-22,17,17 a 18,35,0,0,21,14,0,0,0,1,VMC,,4500,,no,COR SADM 221700Z 20009KT 9999 BKN045 12/01 Q1023,,no
2026-09-22,18,18 a 19,23,0,0,23,0,0,0,0,1,VMC,,4500,,no,SADM 221800Z 23009KT 9999 BKN045 12/00 Q1022,,no
2026-09-22,19,19 a 20,28,0,1,23,4,0,2,0,1,VMC,,4500,,no,SADM 221900Z 23008KT 9999 BKN045 12/M00 Q1022,,no
2026-09-22,20,20 a 21,48,0,0,28,20,0,0,0,1,VMC,,,,no,SADM 222000Z 18008KT 9999 FEW045 13/01 Q1021,,no
2026-09-22,21,21 a 22,27,0,3,12,12,0,0,0,1,VMC,,,,no,SADM 222100Z 20004KT 9999 FEW045 13/01 Q1022,,no
2026-09-22,22,22 a 23,0,0,0,0,0,0,0,0,0,VMC,,,,no,SADM 222200Z 20003KT CAVOK 12/02 Q1022,,no
2026-09-22,23,23 a 00,0,0,0,0,0,0,0,0,0,VMC,,,,no,SADM 222300Z 00000KT CAVOK 11/02 Q1022,,no
2026-09-23,0,00 a 01,0,0,0,0,0,0,0,0,0,VMC,,,,no,SADM 230000Z 05002KT CAVOK 08/02 Q1022,,no
2026-09-23,1,01 a 02,0,0,0,0,0,0,0,0,0,VMC,,,,no,SADM 230100Z 00000KT CAVOK 07/02 Q1022,,no
2026-09-23,2,02 a 03,0,0,0,0,0,0,0,0,0,VMC,,,,no,SADM 230200Z 00000KT CAVOK 07/03 Q1021,,no
2026-09-23,3,03 a 04,0,0,0,0,0,0,0,0,0,VMC,,,,no,SADM 230300Z 36004KT CAVOK 07/02 Q1021,,no
2026-09-23,4,04 a 05,0,0,0,0,0,0,0,0,0,VMC,,,,no,SADM 230400Z 36005KT CAVOK 08/02 Q1020,,no
2026-09-23,5,05 a 06,0,0,0,0,0,0,0,0,0,VMC,,,,no,SADM 230500Z 36004KT CAVOK 08/02 Q1020,,no
2026-09-23,6,06 a 07,0,0,0,0,0,0,0,0,0,VMC,,,,no,SADM 230600Z 36008KT CAVOK 07/03 Q1019,,no
2026-09-23,7,07 a 08,0,0,0,0,0,0,0,0,0,VMC,,,,no,SADM 230700Z 36007KT CAVOK 06/03 Q1019,,no
2026-09-23,8,08 a 09,0,0,0,0,0,0,0,0,0,VMC,,,,no,SADM 230800Z 36008KT CAVOK 07/04 Q1019,,no
2026-09-23,9,09 a 10,0,0,0,0,0,0,0,0,0,VMC,,,,no,SADM 230900Z 36011KT CAVOK 07/03 Q1018,,no
2026-09-23,10,10 a 11,0,0,0,0,0,0,0,0,0,VMC,,,,no,SADM 231000Z 36010KT CAVOK 07/03 Q1018,,no
2026-09-23,11,11 a 12,7,0,0,7,0,0,0,1,0,VMC,,,,no,SADM 231100Z 36012KT CAVOK 08/03 Q1019,,no
2026-09-23,12,12 a 13,21,0,0,15,6,0,0,1,0,VMC,,,,no,SADM 231200Z 36013KT CAVOK 09/02 Q1019,,no
2026-09-23,13,13 a 14,19,0,0,17,2,0,0,1,0,VMC,,,,no,SADM 231300Z 36015KT CAVOK 11/03 Q1019,,no
2026-09-23,14,14 a 15,33,0,2,23,8,0,0,1,0,VMC,,,,no,SADM 231400Z 02016KT CAVOK 12/03 Q1018,,no
2026-09-23,15,15 a 16,24,0,0,22,2,0,0,1,0,VMC,,,,no,SADM 231500Z 36016KT CAVOK 14/03 Q1017,,no
2026-09-23,16,16 a 17,36,0,2,24,10,0,0,1,0,VMC,,,,no,SADM 231600Z 02016KT CAVOK 15/03 Q1016,,no
2026-09-23,17,17 a 18,23,0,0,19,4,0,0,1,0,VMC,,,,no,SADM 231700Z 02016KT CAVOK 18/02 Q1015,,no
2026-09-23,18,18 a 19,24,0,0,20,4,0,0,1,0,VMC,,,,no,SADM 231800Z 02014KT CAVOK 18/03 Q1013,,no
2026-09-23,19,19 a 20,30,0,0,20,10,0,0,1,0,VMC,,,,no,SADM 231900Z 32014KT CAVOK 19/03 Q1013,,no
2026-09-23,20,20 a 21,27,0,0,19,8,0,0,1,0,VMC,,,,no,SADM 232000Z 34016KT CAVOK 19/03 Q1013,,no
2026-09-23,21,21 a 22,26,0,3,17,6,0,0,1,0,VMC,,,,no,SADM 232100Z 34012KT CAVOK 18/03 Q1013,,no
2026-09-23,22,22 a 23,5,0,0,1,4,0,0,1,0,VMC,,,,no,SADM 232200Z 36010KT CAVOK 18/03 Q1012,,no
2026-09-23,23,23 a 00,0,0,0,0,0,0,0,0,0,VMC,,,,no,SADM 232300Z 36011KT CAVOK 17/04 Q1013,,no
2026-09-24,0,00 a 01,0,0,0,0,0,0,0,0,0,VMC,,,,no,SADM 240000Z 36007KT CAVOK 15/05 Q1014,,no
2026-09-24,1,01 a 02,0,0,0,0,0,0,0,0,0,VMC,,,,no,SADM 240100Z 36008KT CAVOK 14/05 Q1013,,no
2026-09-24,2,02 a 03,0,0,0,0,0,0,0,0,0,VMC,,,,no,SADM 240200Z 36012KT CAVOK 15/05 Q1013,,no
2026-09-24,3,03 a 04,0,0,0,0,0,0,0,0,0,VMC,,,,no,SADM 240300Z 36012KT CAVOK 15/04 Q1013,,no
2026-09-24,4,04 a 05,0,0,0,0,0,0,0,0,0,VMC,,,,no,SADM 240400Z 36009KT CAVOK 14/04 Q1014,,no
2026-09-24,5,05 a 06,0,0,0,0,0,0,0,0,0,VMC,,,,no,SADM 240500Z 36009KT CAVOK 14/05 Q1013,,no
2026-09-24,6,06 a 07,0,0,0,0,0,0,0,0,0,VMC,,,,no,SADM 240600Z 36009KT CAVOK 13/05 Q1013,,no
2026-09-24,7,07 a 08,0,0,0,0,0,0,0,0,0,VMC,,,,no,SADM 240700Z 36010KT CAVOK 12/05 Q1012,,no
2026-09-24,8,08 a 09,0,0,0,0,0,0,0,0,0,VMC,,,,no,SADM 240800Z 36007KT CAVOK 12/04 Q1012,,no
2026-09-24,9,09 a 10,0,0,0,0,0,0,0,0,0,VMC,,,,no,SADM 240900Z 36008KT CAVOK 11/05 Q1012,,no
2026-09-24,10,10 a 11,0,0,0,0,0,0,0,0,0,VMC,,,,no,SADM 241000Z 36008KT CAVOK 11/04 Q1012,,no
2026-09-24,11,11 a 12,7,0,0,7,0,0,0,1,0,VMC,,,,no,SADM 241100Z 36009KT CAVOK 12/05 Q1012,,no
2026-09-24,12,12 a 13,19,0,0,19,0,0,0,1,0,VMC,,,,no,SADM 241200Z 36009KT CAVOK 14/05 Q1012,,no
2026-09-24,13,13 a 14,29,0,1,22,6,0,0,1,0,VMC,,,,no,SADM 241300Z 36011KT CAVOK 16/05 Q1012,,no
2026-09-24,14,14 a 15,25,0,0,25,0,0,0,1,0,VMC,,,,no,SADM 241400Z 34012KT CAVOK 20/06 Q1011,,no
2026-09-24,15,15 a 16,25,0,1,23,1,0,0,1,0,VMC,,,,no,SADM 241500Z 34014KT CAVOK 22/05 Q1011,,no
2026-09-24,16,16 a 17,27,0,0,22,4,1,0,1,0,VMC,,,,no,SADM 241600Z 34014KT CAVOK 23/06 Q1010,,no
2026-09-24,17,17 a 18,35,0,3,15,16,1,0,1,0,VMC,,,,no,SADM 241700Z 34014KT CAVOK 24/07 Q1008,,no
2026-09-24,18,18 a 19,18,0,2,14,2,0,0,1,0,VMC,,,,no,SADM 241800Z 34012KT CAVOK 24/07 Q1007,,no
2026-09-24,19,19 a 20,23,0,2,19,2,0,0,1,0,VMC,,,,no,SADM 241900Z 34011KT CAVOK 24/08 Q1006,,no
2026-09-24,20,20 a 21,28,0,1,22,4,1,0,1,0,VMC,,,,no,SADM 242000Z 36009KT CAVOK 24/08 Q1006,,no
2026-09-24,21,21 a 22,16,0,2,8,6,0,0,1,0,VMC,,,,no,SADM 242100Z 34012KT CAVOK 24/08 Q1006,,no
2026-09-24,22,22 a 23,1,0,0,1,0,0,0,1,0,VMC,,,,no,SADM 242200Z 34010KT CAVOK 23/07 Q1006,,no
2026-09-24,23,23 a 00,0,0,0,0,0,0,0,0,0,VMC,,,,no,SADM 242300Z 36008KT CAVOK 23/07 Q1006,,no
2026-09-25,0,00 a 01,0,0,0,0,0,0,0,0,0,VMC,,,,no,SADM 250000Z 36008KT CAVOK 22/08 Q1006,,no
2026-09-25,1,01 a 02,0,0,0,0,0,0,0,0,0,VMC,,,,no,SADM 250100Z 36010KT CAVOK 20/08 Q1006,,no
2026-09-25,2,02 a 03,0,0,0,0,0,0,0,0,0,VMC,,,,no,SADM 250200Z 36011KT CAVOK 19/08 Q1006,,no
2026-09-25,3,03 a 04,0,0,0,0,0,0,0,0,0,VMC,,,,no,SADM 250300Z 36012KT CAVOK 18/08 Q1006,,no
2026-09-25,4,04 a 05,0,0,0,0,0,0,0,0,0,VMC,,,,no,SADM 250400Z 36009KT CAVOK 18/08 Q1006,,no
2026-09-25,5,05 a 06,0,0,0,0,0,0,0,0,0,VMC,,,,no,SADM 250500Z 36010KT CAVOK 17/08 Q1006,,no
2026-09-25,6,06 a 07,0,0,0,0,0,0,0,0,0,VMC,,,,no,SADM 250600Z 32009KT CAVOK 16/08 Q1006,,no
2026-09-25,7,07 a 08,0,0,0,0,0,0,0,0,0,VMC,,,,no,SADM 250700Z 32007KT CAVOK 16/08 Q1007,,no
2026-09-25,8,08 a 09,0,0,0,0,0,0,0,0,0,VMC,,,,no,SADM 250800Z 27007KT CAVOK 15/09 Q1007,,no
2026-09-25,9,09 a 10,0,0,0,0,0,0,0,0,0,VMC,,,,no,SADM 250900Z 27006KT CAVOK 16/10 Q1007,,no
2026-09-25,10,10 a 11,0,0,0,0,0,0,0,0,0,VMC,,,,no,SADM 251000Z 27006KT CAVOK 16/10 Q1008,,no
2026-09-25,11,11 a 12,14,0,3,7,4,0,0,0,1,VMC,,,,no,SADM 251100Z 22003KT CAVOK 16/12 Q1009,,no
2026-09-25,12,12 a 13,26,0,0,18,8,0,0,0,1,VMC,9000,,,no,SADM 251200Z 18004KT 9000 NSC 18/11 Q1010,,no
2026-09-25,13,13 a 14,34,0,0,25,8,1,0,0,1,VMC,9000,,,no,SADM 251300Z 18004KT 9000 NSC 22/10 Q1010,,no
2026-09-25,14,14 a 15,34,0,0,16,18,0,0,0,1,VMC,9000,,,no,SADM 251400Z 21008KT 9000 NSC 23/10 Q1010,,no
2026-09-25,15,15 a 16,16,0,0,14,2,0,0,0,1,VMC,,,,no,SADM 251500Z 18008KT CAVOK 25/07 Q1010,,no
2026-09-25,16,16 a 17,26,0,1,20,4,1,0,0,1,VMC,,,,no,SADM 251600Z 22011KT CAVOK 25/08 Q1010,,no
2026-09-25,17,17 a 18,29,0,0,28,0,1,1,0,1,VMC,9000,,,no,SADM 251700Z 22010KT 9000 NSC 25/08 Q1009,,no
2026-09-25,18,18 a 19,53,0,3,18,32,0,0,0,1,VMC,,,,no,SADM 251800Z 22008KT CAVOK 26/08 Q1009,,no
2026-09-25,19,19 a 20,26,0,1,22,2,1,0,0,1,VMC,,,,no,SADM 251900Z 20010KT CAVOK 25/09 Q1009,,no
2026-09-25,20,20 a 21,20,0,1,11,8,0,1,0,1,VMC,,,,no,SADM 252000Z 20009KT CAVOK 25/07 Q1010,,no
2026-09-25,21,21 a 22,29,0,0,16,12,1,0,0,1,VMC,,,,no,SADM 252100Z 20007KT CAVOK 23/08 Q1010,,no
2026-09-25,22,22 a 23,3,0,0,3,0,0,0,0,1,VMC,,,,no,SADM 252200Z 20006KT CAVOK 21/07 Q1010,,no
2026-09-25,23,23 a 00,0,0,0,0,0,0,0,0,0,VMC,,,,no,SADM 252300Z 20002KT CAVOK 20/08 Q1011,,no
2026-09-26,0,00 a 01,0,0,0,0,0,0,0,0,0,VMC,,,,no,SADM 260000Z 18004KT CAVOK 18/08 Q1012,,no
2026-09-26,1,01 a 02,0,0,0,0,0,0,0,0,0,VMC,8000,,,no,SADM 260100Z 14003KT 8000 NSC 18/09 Q1013,,no
2026-09-26,2,02 a 03,0,0,0,0,0,0,0,0,0,VMC,5000,,,no,COR SADM 260200Z 16003KT 5000 FU NSC 18/09 Q1013,,no
2026-09-26,3,03 a 04,0,0,0,0,0,0,0,0,0,VMC,8000,,,no,SADM 260300Z 14004KT 8000 NSC 18/09 Q1014,,no
2026-09-26,4,04 a 05,0,0,0,0,0,0,0,0,0,VMC,,,,no,SADM 260400Z 14004KT CAVOK 19/08 Q1014,,no
2026-09-26,5,05 a 06,0,0,0,0,0,0,0,0,0,VMC,,,,no,SADM 260500Z 14003KT CAVOK 19/08 Q1014,,no
2026-09-26,6,06 a 07,0,0,0,0,0,0,0,0,0,VMC,,,,no,SADM 260600Z 13005KT CAVOK 18/08 Q1014,,no
2026-09-26,7,07 a 08,0,0,0,0,0,0,0,0,0,VMC,,,,no,SADM 260700Z 09006KT CAVOK 17/07 Q1014,,no
2026-09-26,8,08 a 09,0,0,0,0,0,0,0,0,0,VMC,,,,no,SADM 260800Z 09010KT CAVOK 16/08 Q1015,,no
2026-09-26,9,09 a 10,0,0,0,0,0,0,0,0,0,VMC,,,,no,SADM 260900Z 09005KT CAVOK 15/09 Q1015,,no
2026-09-26,10,10 a 11,0,0,0,0,0,0,0,0,0,VMC,,,,no,SADM 261000Z 07007KT CAVOK 16/09 Q1016,,no
2026-09-26,11,11 a 12,6,0,1,5,0,0,0,1,0,VMC,,,,no,COR SADM 261100Z 07008KT CAVOK 16/08 Q1017,,no
2026-09-26,12,12 a 13,29,0,0,26,2,1,0,1,0,VMC,,,,no,SADM 261200Z 07009KT CAVOK 17/08 Q1017,,no
2026-09-26,13,13 a 14,34,0,0,26,8,0,1,1,0,VMC,,,,no,SADM 261300Z 07010KT CAVOK 19/06 Q1018,,no
2026-09-26,14,14 a 15,31,0,5,22,4,0,0,1,0,VMC,,,,no,SADM 261400Z 09012KT CAVOK 20/05 Q1018,,no
2026-09-26,15,15 a 16,41,0,5,26,10,0,0,1,0,VMC,,,,no,SADM 261500Z 09010KT CAVOK 21/04 Q1017,,no
2026-09-26,16,16 a 17,32,0,5,27,0,0,0,1,0,VMC,,,,no,SADM 261600Z 09011KT CAVOK 21/02 Q1017,,no
2026-09-26,17,17 a 18,24,0,1,23,0,0,0,1,0,VMC,,,,no,SADM 261700Z 07011KT CAVOK 22/02 Q1016,,no
2026-09-26,18,18 a 19,31,0,0,24,4,3,0,1,0,VMC,,,,no,SADM 261800Z 09009KT CAVOK 23/06 Q1016,,no
2026-09-26,19,19 a 20,24,0,0,24,0,0,0,1,0,VMC,,,,no,SADM 261900Z 09010KT CAVOK 22/04 Q1015,,no
2026-09-26,20,20 a 21,24,0,2,22,0,0,0,1,0,VMC,,,,no,SADM 262000Z 09008KT CAVOK 23/05 Q1015,,no
2026-09-26,21,21 a 22,23,0,6,14,2,1,0,1,0,VMC,,,,no,SADM 262100Z 09009KT CAVOK 22/04 Q1015,,no
2026-09-26,22,22 a 23,0,0,0,0,0,0,0,0,0,VMC,,,,no,SADM 262200Z 09007KT CAVOK 20/05 Q1015,,no
2026-09-26,23,23 a 00,0,0,0,0,0,0,0,0,0,VMC,,,,no,SADM 262300Z 09010KT CAVOK 19/05 Q1015,,no
2026-09-27,0,00 a 01,0,0,0,0,0,0,0,0,0,VMC,,,,no,SADM 270000Z 09011KT CAVOK 18/08 Q1016,,no
2026-09-27,1,01 a 02,0,0,0,0,0,0,0,0,0,VMC,,,,no,SADM 270100Z 09010KT CAVOK 17/09 Q1016,,no
2026-09-27,2,02 a 03,0,0,0,0,0,0,0,0,0,VMC,,,,no,SADM 270200Z 09009KT CAVOK 17/09 Q1017,,no
2026-09-27,3,03 a 04,0,0,0,0,0,0,0,0,0,VMC,,,,no,SADM 270300Z 09008KT CAVOK 17/10 Q1017,,no
2026-09-27,4,04 a 05,0,0,0,0,0,0,0,0,0,VMC,,,,no,SADM 270400Z 07009KT CAVOK 17/14 Q1016,,no
2026-09-27,5,05 a 06,0,0,0,0,0,0,0,0,0,VMC,,,,no,SADM 270500Z 07011KT CAVOK 17/14 Q1016,,no
2026-09-27,6,06 a 07,0,0,0,0,0,0,0,0,0,VMC,,10000,,no,SADM 270600Z 07011KT 9999 TS FEW045CB OVC100 18/14 Q1015,,no
2026-09-27,7,07 a 08,0,0,0,0,0,0,0,0,0,VMC,,4500,,no,SADM 270700Z 09006KT 9999 BKN045 OVC100 15/13 Q1016,,no
2026-09-27,8,08 a 09,0,0,0,0,0,0,0,0,0,VMC,,10000,,no,SADM 270800Z 07010KT 9999 SCT045 OVC100 15/13 Q1014,,no
2026-09-27,9,09 a 10,0,0,0,0,0,0,0,0,0,VMC,,,,no,SADM 270900Z 09009KT CAVOK 14/08 Q1015,,no
2026-09-27,10,10 a 11,0,0,0,0,0,0,0,0,0,VMC,,,,no,SADM 271000Z 09008KT CAVOK 15/08 Q1016,,no
2026-09-27,11,11 a 12,6,0,0,6,0,0,0,1,0,VMC,,,,no,SADM 271100Z 09012KT CAVOK 16/07 Q1015,,no
2026-09-27,12,12 a 13,6,0,0,6,0,0,0,1,0,VMC,,,,no,SADM 271200Z 05012KT CAVOK 17/07 Q1015,,no
2026-09-27,13,13 a 14,0,0,0,0,0,0,0,1,0,VMC,7000,8000,,no,SADM 271300Z 07011KT 7000 SHRA SCT048 OVC080 16/08 Q1015,,no
2026-09-27,14,14 a 15,0,0,0,0,0,0,0,1,0,VMC,8000,8000,,no,SADM 271400Z 07008KT 8000 -TSRA SCT035 FEW050CB OVC080 14/10 Q1016 RESHRA,,no
2026-09-27,15,15 a 16,0,0,0,0,0,0,0,0,1,VMC,5000,8000,,no,SADM 271500Z 11008KT 5000 -TSRA SCT030 FEW050CB OVC080 13/12 Q1015,,no
2026-09-27,16,16 a 17,0,0,0,0,0,0,0,1,0,VMC,,8000,,no,SADM 271600Z 07010KT 9999 FEW025 BKN080 BKN200 16/13 Q1015 RETS,,no
2026-09-27,17,17 a 18,0,0,0,0,0,0,0,1,0,VMC,9000,8000,,no,SADM 271700Z 07013KT 9000 -TSRA FEW025 FEW050CB OVC080 15/13 Q1013,,no
2026-09-27,18,18 a 19,0,0,0,0,0,0,0,1,0,VMC,5000,8000,,no,SADM 271800Z 05009KT 5000 -TSRA SCT025 FEW050CB OVC080 15/13 Q1014,,no
2026-09-27,19,19 a 20,0,0,0,0,0,0,0,1,0,VMC,7000,8000,,no,SADM 271900Z 07011KT 7000 -TSRA SCT025 FEW050CB OVC080 15/13 Q1013,,no
2026-09-27,20,20 a 21,0,0,0,0,0,0,0,1,0,VMC,,10000,,no,SADM 272000Z 05013KT 9999 FEW025 BKN100 17/13 Q1012 RETS,,no
2026-09-27,21,21 a 22,0,0,0,0,0,0,0,1,0,VMC,,,,no,SADM 272100Z 02012KT CAVOK 17/13 Q1012,,no
2026-09-27,22,22 a 23,0,0,0,0,0,0,0,0,0,VMC,,,,no,SADM 272200Z 02013KT CAVOK 17/13 Q1012,,no
2026-09-27,23,23 a 00,0,0,0,0,0,0,0,0,0,VMC,,,,no,SADM 272300Z 02014KT CAVOK 16/12 Q1012,,no
2026-09-28,0,00 a 01,0,0,0,0,0,0,0,0,0,VMC,,10000,,no,SADM 280000Z 05004KT 9999 FEW014 BKN100 16/13 Q1013,,no
2026-09-28,1,01 a 02,0,0,0,0,0,0,0,0,0,VMC,,10000,,no,SADM 280100Z 09004KT 9999 FEW014 BKN100 16/12 Q1014,,no
2026-09-28,2,02 a 03,0,0,0,0,0,0,0,0,0,VMC,,1400,,no,SADM 280200Z 14007KT 9999 BKN014 15/12 Q1015,,no
2026-09-28,3,03 a 04,0,0,0,0,0,0,0,0,0,VMC,,1400,,no,SADM 280300Z 11006KT 9999 OVC014 15/12 Q1014,,no
2026-09-28,4,04 a 05,0,0,0,0,0,0,0,0,0,VMC,,1400,,no,SADM 280400Z 09008KT 9999 OVC014 15/12 Q1014,,no
2026-09-28,5,05 a 06,0,0,0,0,0,0,0,0,0,VMC,,1200,,no,SADM 280500Z 09008KT 9999 OVC012 14/12 Q1014,,no
2026-09-28,6,06 a 07,0,0,0,0,0,0,0,0,0,VMC,,1200,,no,SADM 280600Z 09010KT 9999 OVC012 14/12 Q1013,,no
2026-09-28,7,07 a 08,0,0,0,0,0,0,0,0,0,VMC,,1200,,no,SADM 280700Z 09006KT 9999 OVC012 14/12 Q1013,,no
2026-09-28,8,08 a 09,0,0,0,0,0,0,0,0,0,IMC,,800,techo 800 ft,no,SADM 280800Z 09005KT 9999 OVC008 14/13 Q1012,,no
2026-09-28,9,09 a 10,0,0,0,0,0,0,0,0,0,IMC,,800,techo 800 ft,no,SADM 280900Z 09006KT 9999 OVC008 14/12 Q1012,,no
2026-09-28,10,10 a 11,0,0,0,0,0,0,0,0,0,IMC,,800,techo 800 ft,no,SADM 281000Z 09006KT 9999 OVC008 15/14 Q1012,,no
2026-09-28,11,11 a 12,0,0,0,0,0,0,0,0,0,IMC,,700,techo 700 ft,no,SADM 281100Z 09006KT 9999 OVC007 15/14 Q1013,,si
2026-09-28,12,12 a 13,1,0,0,1,0,0,0,1,0,VMC,,1400,,no,SADM 281200Z 09006KT 9999 BKN014 OVC100 17/15 Q1013,,no
2026-09-28,13,13 a 14,3,0,1,2,0,0,0,1,0,VMC,,,,no,SADM 281300Z 07006KT CAVOK 17/14 Q1013,,no
2026-09-28,14,14 a 15,14,0,2,8,4,0,0,1,0,VMC,,,,no,SADM 281400Z 09010KT CAVOK 18/15 Q1012,,no
2026-09-28,15,15 a 16,21,0,2,16,2,1,0,1,0,VMC,,10000,,no,SADM 281500Z 07012KT 9999 FEW014 OVC100 18/14 Q1012,,no
2026-09-28,16,16 a 17,23,0,2,11,10,0,0,1,0,VMC,,10000,,no,SADM 281600Z 07006KT 9999 FEW016 BKN100 OVC200 20/16 Q1012,,no
2026-09-28,17,17 a 18,36,0,1,12,22,1,0,1,0,VMC,,10000,,no,SADM 281700Z 09006KT 9999 FEW016 BKN100 20/16 Q1010,,no
2026-09-28,18,18 a 19,18,0,1,15,2,0,0,1,0,VMC,,10000,,no,SADM 281800Z 07003KT 9999 SCT018 BKN100 20/16 Q1010,,no
2026-09-28,19,19 a 20,16,0,0,16,0,0,0,1,0,VMC,,,,no,SADM 281900Z 09005KT CAVOK 20/16 Q1008,,no
2026-09-28,20,20 a 21,21,0,0,18,2,1,0,1,0,VMC,,10000,,no,SADM 282000Z 09004KT 9999 SCT019 OVC100 20/16 Q1009,,no
2026-09-28,21,21 a 22,3,0,0,3,0,0,0,1,0,VMC,,2000,,no,SADM 282100Z 07004KT 9999 OVC020 20/16 Q1009,,no
2026-09-28,22,22 a 23,0,0,0,0,0,0,0,1,0,VMC,,2200,,no,SADM 282200Z 14005KT 9999 OVC022 20/16 Q1010,,no
2026-09-28,23,23 a 00,0,0,0,0,0,0,0,0,0,VMC,,1900,,no,SADM 282300Z 14010KT 9999 OVC019 18/16 Q1010,,no
2026-09-29,0,00 a 01,0,0,0,0,0,0,0,0,0,VMC,,2000,,no,SADM 290000Z 12011KT 9999 FEW011 OVC020 18/15 Q1010,,no
2026-09-29,1,01 a 02,0,0,0,0,0,0,0,0,0,IMC,8000,500,techo 500 ft,no,SADM 290100Z 11007KT 8000 -DZ OVC005 17/16 Q1010,,no
2026-09-29,2,02 a 03,0,0,0,0,0,0,0,0,0,VMC,,10000,,no,SADM 290200Z 09007KT 9999 FEW006 SCT047 OVC100 18/17 Q1009,,no
2026-09-29,3,03 a 04,0,0,0,0,0,0,0,0,0,VMC,,4400,,no,SADM 290300Z 07007KT 9999 SCT008 BKN044 OVC100 18/17 Q1009,,no
2026-09-29,4,04 a 05,0,0,0,0,0,0,0,0,0,IMC,,800,techo 800 ft,no,SADM 290400Z 07004KT 9999 BKN008 OVC100 18/17 Q1008,,no
2026-09-29,5,05 a 06,0,0,0,0,0,0,0,0,0,IMC,9000,700,techo 700 ft,si,SADM 290500Z 09003KT 9999 OVC010 18/17 Q1007,SADM 290530Z 14005KT 9000 -RA OVC007 18/17 Q1007,no
2026-09-29,6,06 a 07,0,0,0,0,0,0,0,0,0,IMC,6000,800,techo 800 ft,no,SADM 290600Z 12004KT 6000 RA OVC008 18/17 Q1006,,no
2026-09-29,7,07 a 08,0,0,0,0,0,0,0,0,0,IMC,5000,400,techo 400 ft,no,SADM 290700Z VRB02KT 5000 RA OVC004 17/17 Q1006,,no
2026-09-29,8,08 a 09,0,0,0,0,0,0,0,0,0,IMC,3000,300,vis 3000 m + techo 300 ft,si,SADM 290800Z VRB02KT 080V210 5000 -RA OVC008 17/17 Q1005,SADM 290832Z 23004KT 3000 TSRA OVC003 FEW050CB 17/17 Q1005,no
2026-09-29,9,09 a 10,0,0,0,0,0,0,0,0,0,IMC,3000,200,vis 3000 m + techo 200 ft,no,SADM 290900Z 20009KT 3000 TSRA OVC002 FEW030CB 17/17 Q1006,,no
2026-09-29,10,10 a 11,0,0,0,0,0,0,0,0,0,IMC,1500,500,vis 1500 m + techo 500 ft,no,SADM 291000Z 18010KT 1500 TSRA OVC005 FEW020CB 17/16 Q1007,,no
2026-09-29,11,11 a 12,0,0,0,0,0,0,0,0,0,IMC,,500,techo 500 ft,no,SADM 291100Z 18012KT 9999 OVC005 15/15 Q1008 RETSRA,,si
2026-09-29,12,12 a 13,0,0,0,0,0,0,0,0,0,IMC,3000,400,vis 3000 m + techo 400 ft,no,SADM 291200Z 20016KT 3000 -DZ OVC004 15/15 Q1009,,si
2026-09-29,13,13 a 14,0,0,0,0,0,0,0,0,0,IMC,1000,600,vis 1000 m + techo 600 ft,no,SADM 291300Z 20013KT 1000 -DZ OVC006 15/14 Q1010,,si
2026-09-29,14,14 a 15,0,0,0,0,0,0,0,0,1,IMC,4000,900,vis 4000 m + techo 900 ft,si,SADM 291400Z 20018KT 4000 -DZ BKN009 OVC010 15/14 Q1010,SADM 291423Z 18014G24KT 9999 FEW009 OVC014 15/14 Q1009,no
2026-09-29,15,15 a 16,3,0,1,2,0,0,0,0,1,VMC,,1300,,no,SADM 291500Z 18015KT 9999 OVC013 17/14 Q1009,,no
2026-09-29,16,16 a 17,6,0,1,3,2,0,0,0,1,VMC,,1800,,no,SADM 291600Z 20015KT 9999 OVC018 19/15 Q1009,,no
2026-09-29,17,17 a 18,8,0,0,6,2,0,0,0,1,VMC,,2300,,no,SADM 291700Z 20014KT 9999 BKN023 19/14 Q1009,,no
2026-09-29,18,18 a 19,21,0,0,7,14,0,0,0,1,VMC,,3200,,no,SADM 291800Z 20016KT 9999 OVC032 18/13 Q1010,,no
2026-09-29,19,19 a 20,20,0,0,8,12,0,0,0,1,VMC,,4900,,no,SADM 291900Z 20015KT 9999 SCT034 BKN049 18/13 Q1010,,no
2026-09-29,20,20 a 21,15,0,0,9,6,0,0,0,1,VMC,,,,no,COR SADM 292000Z 20011KT 9999 SCT033 SCT049TCU 18/13 Q1011,,no
2026-09-29,21,21 a 22,4,0,0,4,0,0,0,0,1,VMC,,3200,,no,SADM 292100Z 20008KT 9999 BKN032 19/12 Q1012,,no
2026-09-29,22,22 a 23,0,0,0,0,0,0,0,0,0,VMC,,,,no,SADM 292200Z 18011KT 9999 SCT037 18/11 Q1012,,no
2026-09-29,23,23 a 00,0,0,0,0,0,0,0,0,0,VMC,,,,no,SADM 292300Z 18011KT 9999 SCT030 18/11 Q1012,,no
2026-09-30,0,00 a 01,0,0,0,0,0,0,0,0,0,VMC,,,,no,SADM 300000Z 18012KT CAVOK 16/11 Q1013,,no
2026-09-30,1,01 a 02,0,0,0,0,0,0,0,0,0,VMC,,,,no,SADM 300100Z 18010KT CAVOK 15/12 Q1014,,no
2026-09-30,2,02 a 03,0,0,0,0,0,0,0,0,0,VMC,,,,no,SADM 300200Z 18008KT CAVOK 15/11 Q1013,,no
2026-09-30,3,03 a 04,0,0,0,0,0,0,0,0,0,VMC,,,,no,SADM 300300Z 18008KT CAVOK 14/11 Q1013,,no
2026-09-30,4,04 a 05,0,0,0,0,0,0,0,0,0,VMC,,,,no,SADM 300400Z 14007KT CAVOK 13/11 Q1014,,no
2026-09-30,5,05 a 06,0,0,0,0,0,0,0,0,0,VMC,,,,no,SADM 300500Z 14008KT CAVOK 13/10 Q1014,,no
2026-09-30,6,06 a 07,0,0,0,0,0,0,0,0,0,VMC,,,,no,SADM 300600Z 23006KT CAVOK 12/09 Q1015,,no
2026-09-30,7,07 a 08,0,0,0,0,0,0,0,0,0,VMC,,,,no,SADM 300700Z 20003KT CAVOK 11/08 Q1016,,no
2026-09-30,8,08 a 09,0,0,0,0,0,0,0,0,0,VMC,,,,no,SADM 300800Z 18002KT CAVOK 09/07 Q1015,,no
2026-09-30,9,09 a 10,0,0,0,0,0,0,0,0,0,VMC,,,,no,SADM 300900Z 18004KT CAVOK 09/07 Q1015,,no
2026-09-30,10,10 a 11,0,0,0,0,0,0,0,0,0,VMC,,,,no,SADM 301000Z 18006KT CAVOK 09/07 Q1015,,no
2026-09-30,11,11 a 12,10,0,0,10,0,0,0,0,1,VMC,,,,no,SADM 301100Z 14007KT CAVOK 10/07 Q1016,,no
2026-09-30,12,12 a 13,29,0,1,24,4,0,0,0,1,VMC,,20000,,no,SADM 301200Z 14006KT 9999 SCT013 BKN200 11/08 Q1017,,no
2026-09-30,13,13 a 14,26,0,0,22,4,0,0,0,1,VMC,,,,no,SADM 301300Z 23003KT 9999 SCT015 SCT200 12/08 Q1018,,no
2026-09-30,14,14 a 15,44,0,0,32,12,0,0,0,1,VMC,,,,no,SADM 301400Z 20003KT 9999 SCT018 14/08 Q1018,,no
2026-09-30,15,15 a 16,41,0,0,25,16,0,0,0,1,VMC,,,,no,SADM 301500Z 23005KT 9999 FEW020 15/08 Q1018,,no
2026-09-30,16,16 a 17,36,0,0,27,8,1,0,0,1,VMC,,,,no,SADM 301600Z 18006KT 9999 FEW020 15/08 Q1017,,no
2026-09-30,17,17 a 18,39,0,2,27,10,0,1,0,1,VMC,,,,no,SADM 301700Z 20009KT 9999 FEW025 17/09 Q1016,,no
2026-09-30,18,18 a 19,49,0,2,31,16,0,0,0,1,VMC,,,,no,SADM 301800Z 20010KT 9999 FEW030 17/09 Q1016,,no
2026-09-30,19,19 a 20,34,0,0,27,6,1,0,0,1,VMC,,,,no,SADM 301900Z 20010KT 9999 FEW030 17/09 Q1015,,no
2026-09-30,20,20 a 21,34,0,2,28,4,0,1,0,1,VMC,,,,no,SADM 302000Z 20012KT 9999 FEW030 16/08 Q1014,,no
2026-09-30,21,21 a 22,25,0,2,21,2,0,0,0,1,VMC,,,,no,SADM 302100Z 20009KT CAVOK 16/08 Q1014,,no
2026-09-30,22,22 a 23,0,0,0,0,0,0,0,0,0,VMC,8000,3500,,si,SADM 302200Z 20010KT CAVOK 16/07 Q1015,SADM 302232Z 20005KT 8000 -RA BKN035 OVC100 16/07 Q1016,no
2026-09-30,23,23 a 00,0,0,0,0,0,0,0,0,0,VMC,8000,3500,,no,SADM 302300Z 18012KT 8000 -RA BKN035 OVC058 15/08 Q1016,,no
