station,valid,metar
SADM,2026-08-01 00:00,SADM 010000Z 36009KT 8000 -TSRA FEW037CB OVC040 22/20 Q1002
SADM,2026-08-01 01:00,SADM 010100Z 36013KT 9000 -TSRA FEW035CB OVC040 21/20 Q1001
SADM,2026-08-01 02:00,SADM 010200Z 27008KT 9000 -TSRA FEW035CB OVC040 20/20 Q1002
SADM,2026-08-01 03:00,SADM 010300Z 18015KT 9000 -TSRA FEW032CB OVC040 19/18 Q1005
SADM,2026-08-01 04:00,SADM 010400Z 22006KT 9000 -TSRA FEW035CB OVC050 19/18 Q1006
SADM,2026-08-01 05:00,SADM 010500Z 25006KT 8000 -TSRA FEW040CB OVC050 18/18 Q1006
SADM,2026-08-01 06:00,SADM 010600Z VRB03KT 8000 -TSRA FEW045CB OVC056 18/18 Q1004
SADM,2026-08-01 07:00,SADM 010700Z 23011KT 8000 -RA FEW008 OVC050 18/18 Q1006 RE TS
SADM,2026-08-01 08:00,SADM 010800Z 20010KT 9999 OVC006 18/17 Q1007
SADM,2026-08-01 09:00,SADM 010900Z 20011KT 9999 OVC009 17/16 Q1008
SADM,2026-08-01 10:00,SADM 011000Z 19016KT 9999 OVC011 16/15 Q1007
SADM,2026-08-01 11:00,SADM 011100Z 18010KT 9999 SCT012 OVC025 16/14 Q1010
SADM,2026-08-01 12:00,SADM 011200Z 18006KT 9999 SCT015 OVC022 16/14 Q1010
SADM,2026-08-01 13:00,SADM 011300Z 20007KT 9999 BKN025 OVC100 16/14 Q1012
SADM,2026-08-01 14:00,SADM 011400Z 20009KT 9999 BKN008 OVC025 16/15 Q1012
SADM,2026-08-01 15:00,SADM 011500Z 18011KT 9999 FEW010 OVC030 16/15 Q1012
SADM,2026-08-01 16:00,SADM 011600Z 18010KT 9999 BKN020 OVC100 17/13 Q1012
SADM,2026-08-01 17:00,SADM 011700Z 18013KT 9999 FEW025 SCT200 18/13 Q1012
SADM,2026-08-01 18:00,SADM 011800Z 18012KT 9999 FEW025 19/13 Q1012
SADM,2026-08-01 19:00,SADM 011900Z 18009KT CAVOK 20/12 Q1012
SADM,2026-08-01 20:00,SADM 012000Z 18007KT CAVOK 19/11 Q1013
SADM,2026-08-01 21:00,SADM 012100Z 20006KT CAVOK 17/10 Q1013
SADM,2026-08-01 22:00,SADM 012200Z 20005KT CAVOK 16/10 Q1014
SADM,2026-08-01 23:00,SADM 012300Z 20004KT CAVOK 15/10 Q1014
SADM,2026-08-02 00:00,SADM 020000Z 09002KT CAVOK 12/11 Q1014
SADM,2026-08-02 01:00,SADM 020100Z 11002KT CAVOK 12/11 Q1015
SADM,2026-08-02 02:00,SADM 020200Z 11001KT CAVOK 11/11 Q1015
SADM,2026-08-02 03:00,SADM 020300Z 090002KT 8000 MIFG NSC 11/09 Q1015
SADM,2026-08-02 04:00,SADM 020400Z 14002KT 8000 MIFG NSC 10/09 Q1015
SADM,2026-08-02 05:00,SADM 020500Z 11002KT 8000 MIFG NSC 10/09 Q1014
SADM,2026-08-02 06:00,SADM 020600Z 14002KT 7000 MIFG BKN014 10/09 Q1015
SADM,2026-08-02 07:00,SADM 020700Z 18001KT 7000 MIFG BKN017 10/09 Q1015
SADM,2026-08-02 08:00,SADM 020800Z 16002KT 3000 MIFG BR BKN017 10/10 Q1015
SADM,2026-08-02 09:00,SADM 020900Z 05003KT 9999 OVC010 12/10 Q1016
SADM,2026-08-02 10:00,SADM 021000Z 05008KT 9999 OVC003 12/10 Q1016
SADM,2026-08-02 11:00,SADM 021100Z 36009KT 8000 OVC007 12/11 Q1016
SADM,2026-08-02 12:00,SADM 021200Z 05007KT 8000 OVC005 13/11 Q1016
SADM,2026-08-02 13:00,SADM 021300Z 05006KT 9999 OVC006 13/12 Q1016
SADM,2026-08-02 14:00,SADM 021400Z 05004KT 9999 OVC008 14/12 Q1016
SADM,2026-08-02 15:00,SADM 021500Z 07004KT 9999 OVC009 15/13 Q1016
SADM,2026-08-02 16:00,SADM 021600Z 05006KT 9999 SCT013 BKN200 16/13 Q1016
SADM,2026-08-02 17:00,COR SADM 021700Z 04007KT 9999 OVC009 16/13 Q1015
SADM,2026-08-02 18:00,SADM 021800Z 05009KT 9999 SCT010 BKN200 17/13 Q1014
SADM,2026-08-02 19:00,SADM 021900Z 02009KT 9999 SCT035 BKN200 18/14 Q1015
SADM,2026-08-02 20:00,SADM 022000Z 05004KT 9999 FEW020 BKN200 18/14 Q1015
SADM,2026-08-02 21:00,SADM 022100Z 05004KT CAVOK 17/14 Q1015
SADM,2026-08-02 22:00,SADM 022200Z 18002KT CAVOK 16/13 Q1016
SADM,2026-08-02 23:00,SADM 022300Z 18005KT CAVOK 16/14 Q1017
SADM,2026-08-03 00:00,SADM 030000Z 09005KT CAVOK 16/14 Q1017
SADM,2026-08-03 01:00,SADM 030100Z 05007KT CAVOK 16/14 Q1016
SADM,2026-08-03 02:00,SADM 030200Z 05007KT CAVOK 16/14 Q1016
SADM,2026-08-03 03:00,SADM 030300Z 03005KT CAVOK 16/14 Q1017
SADM,2026-08-03 04:00,SADM 030400Z 02004KT CAVOK 16/13 Q1017
SADM,2026-08-03 05:00,SADM 030500Z 02004KT CAVOK 16/13 Q1017
SADM,2026-08-03 06:00,SADM 030600Z 03002KT CAVOK 15/13 Q1016
SADM,2026-08-03 07:00,SADM 030700Z 09001KT 9000 NSC 13/13 Q1016
SADM,2026-08-03 08:00,SADM 030800Z 11001KT 3000 BR NSC 12/12 Q1015
SADM,2026-08-03 09:00,SADM 030900Z 09002KT 3000 BR NSC 14/13 Q1015
SADM,2026-08-03 10:00,SADM 031000Z 14002KT 9000 NSC 13/12 Q1015
SADM,2026-08-03 11:00,SADM 031100Z 14002KT 3000 BR NSC 14/13 Q1016
SADM,2026-08-03 12:00,SADM 031200Z 14004KT 2500 BR NSC 14/14 Q1016
SADM,2026-08-03 13:00,SADM 031300Z 11003KT 3000 BR BKN005 OVC200 15/14 Q1017
SADM,2026-08-03 14:00,SADM 031400Z 11005KT 5000 BR OVC007 16/14 Q1017
SADM,2026-08-03 15:00,SADM 031500Z 14005KT 7000 OVC008 17/15 Q1017
SADM,2026-08-03 16:00,SADM 031600Z 11004KT 6000 OVC008 16/14 Q1016
SADM,2026-08-03 17:00,SADM 031700Z 14006KT 7000 SCT007 OVC010 16/14 Q1015
SADM,2026-08-03 18:00,SADM 031800Z 14008KT 9999 OVC011 16/13 Q1015
SADM,2026-08-03 19:00,SADM 031900Z 11006KT 9999 OVC012 16/13 Q1015
SADM,2026-08-03 20:00,SADM 032000Z 09007KT 9999 BKN012 OVC050 16/13 Q1015
SADM,2026-08-03 21:00,SADM 032100Z 11005KT 9999 OVC016 16/14 Q1015
SADM,2026-08-03 22:00,SADM 032200Z 11006KT 9999 SCT014 BKN056 15/14 Q1015
SADM,2026-08-03 23:00,SADM 032300Z 09007KT 9999 SCT016 BKN056 15/13 Q1015
SADM,2026-08-04 00:00,SADM 040000Z 14006KT 9999 OVC015 14/13 Q1016
SADM,2026-08-04 01:00,SADM 040100Z 14007KT 9999 OVC015 14/12 Q1016
SADM,2026-08-04 02:00,SADM 040200Z 14007KT 9999 OVC012 14/13 Q1016
SADM,2026-08-04 03:00,SADM 040300Z 14005KT 9999 OVC010 14/13 Q1017
SADM,2026-08-04 04:00,SADM 040400Z 14007KT 9999 OVC008 14/13 Q1017
SADM,2026-08-04 05:00,SADM 040500Z 14006KT 9999 OVC008 14/13 Q1017
SADM,2026-08-04 06:00,SADM 040600Z 14006KT 9999 OVC005 14/13 Q1017
SADM,2026-08-04 07:00,SADM 040700Z 16007KT 9999 OVC005 13/13 Q1016
SADM,2026-08-04 08:00,SADM 040800Z 18006KT 9999 OVC005 13/13 Q1016
SADM,2026-08-04 09:00,SADM 040900Z 18006KT 9999 OVC004 13/12 Q1017
SADM,2026-08-04 10:00,SADM 041000Z 16006KT 9999 OVC005 13/12 Q1017
SADM,2026-08-04 11:00,SADM 041100Z 16005KT 5000 BR OVC005 11/10 Q1018
SADM,2026-08-04 12:00,SADM 041200Z 11004KT 5000 BR OVC004 12/11 Q1018
SADM,2026-08-04 13:00,SADM 041300Z 14006KT 6000 OVC005 12/10 Q1018
SADM,2026-08-04 14:00,SADM 041400Z 14005KT 6000 OVC006 12/10 Q1019
SADM,2026-08-04 15:00,SADM 041500Z 14007KT 6000 OVC008 13/10 Q1018
SADM,2026-08-04 16:00,SADM 041600Z 11005KT 4000 BR OVC010 13/10 Q1018
SADM,2026-08-04 17:00,COR SADM 041700Z 11005KT 4000 BR OVC013 14/10 Q1016
SADM,2026-08-04 18:00,SADM 041800Z 09008KT 9999 OVC016 15/10 Q1016
SADM,2026-08-04 19:00,SADM 041900Z 11006KT 6000 OVC015 15/11 Q1016
SADM,2026-08-04 20:00,SADM 042000Z 09003KT 8000 OVC015 16/12 Q1016
SADM,2026-08-04 21:00,SADM 042100Z 09005KT 6000 OVC009 15/12 Q1016
SADM,2026-08-04 22:00,SADM 042200Z 09005KT 8000 OVC006 14/13 Q1016
SADM,2026-08-04 23:00,SADM 042300Z 07006KT 8000 SCT008 OVC020 14/12 Q1016
SADM,2026-08-05 00:00,SADM 050000Z 09004KT 8000 FEW008 OVC023 14/12 Q1016
SADM,2026-08-05 01:00,SADM 050100Z 09005KT 8000 BKN008 OVC023 14/12 Q1015
SADM,2026-08-05 02:00,SADM 050200Z 09004KT 8000 BKN008 OVC019 15/12 Q1015
SADM,2026-08-05 03:00,SADM 050300Z 09003KT 8000 OVC023 15/13 Q1015
SADM,2026-08-05 04:00,SADM 050400Z 09004KT 8000 SCT008 OVC025 15/13 Q1015
SADM,2026-08-05 05:00,SADM 050500Z 09004KT 8000 BRK008 OVC025 15/13 Q1014
SADM,2026-08-05 06:00,SADM 050600Z 05004KT 3500 -DZ BR BKN008 OVC018 14/14 Q1014
SADM,2026-08-05 07:00,SADM 050700Z 12002KT 3500 -DZ BR OVC003 14/14 Q1013
SADM,2026-08-05 08:00,SADM 050800Z 18002KT 1000 BR OVC003 14/14 Q1013
SADM,2026-08-05 09:00,SADM 050900Z 16004KT 1000 BR OVC003 14/14 Q1013
SADM,2026-08-05 10:00,SADM 051000Z 18004KT 1000 -DZ BR OVC003 14/13 Q1013
SADM,2026-08-05 11:00,SADM 051100Z 18010KT 2000 -DZ BR OVC004 13/13 Q1013
SADM,2026-08-05 12:00,SADM 051200Z 16009KT 2000 -DZ BR OVC003 13/13 Q1013
SADM,2026-08-05 13:00,SADM 051300Z 16008KT 9999 OVC005 14/13 Q1014
SADM,2026-08-05 14:00,SADM 051400Z 16006KT 9999 OVC004 14/12 Q1014
SADM,2026-08-05 15:00,SADM 051500Z 14008KT 9999 OVC007 14/13 Q1013
SADM,2026-08-05 16:00,SADM 051600Z 18008KT 9999 BKN013 15/13 Q1013
SADM,2026-08-05 17:00,SADM 051700Z 14005KT 9999 OVC015 16/14 Q1011
SADM,2026-08-05 18:00,SADM 051800Z 11002KT 9999 OVC014 16/14 Q1011
SADM,2026-08-05 19:00,COR SADM 051900Z 20003KT 9999 OVC015 16/14 Q1011
SADM,2026-08-05 20:00,SADM 052000Z 23006KT 9999 OVC017 16/15 Q1011
SADM,2026-08-05 21:00,COR SADM 052100Z 14004KT 9999 OVC018 15/13 Q1010
SADM,2026-08-05 22:00,SADM 052200Z 14004KT 9999 OVC012 15/13 Q1009
SADM,2026-08-05 23:00,SADM 052300Z 14003KT 9999 OVC014 15/13 Q1010
SADM,2026-08-06 00:00,SADM 060000Z 14002KT 9999 OVC014 15/13 Q1009
SADM,2026-08-06 01:00,SADM 060100Z 14003KT 9999 OVC016 15/13 Q1009
SADM,2026-08-06 02:00,SADM 060200Z 09006KT 9999 OVC014 15/13 Q1008
SADM,2026-08-06 03:00,SADM 060300Z 05004KT 9999 OVC014 15/13 Q1008
SADM,2026-08-06 04:00,SADM 060400Z 05002KT 9999 OVC013 15/13 Q1008
SADM,2026-08-06 05:00,SADM 060500Z 07002KT 9999 OVC012 15/12 Q1007
SADM,2026-08-06 06:00,SADM 060600Z 05005KT 9999 OVC009 14/13 Q1006
SADM,2026-08-06 07:00,SADM 060700Z 07003KT 9999 OVC014 14/13 Q1005
SADM,2026-08-06 08:00,SADM 060800Z 07004KT 9999 OVC011 14/12 Q1005
SADM,2026-08-06 09:00,SADM 060900Z 09004KT 9999 OVC005 14/13 Q1004
SADM,2026-08-06 09:25,SADM 060925Z COR 14004KT 9000 -TSRA OVC004 FEW050CB 14/13 Q1004
SADM,2026-08-06 10:00,SADM 061000Z 14004KT 3000 -TSRA BKN004 FEW050CB 14/13 Q1004
SADM,2026-08-06 11:00,SADM 061100Z 09006KT 3000 -TSRA BKN006 FEW050CB 14/13 Q1002
SADM,2026-08-06 11:17,SADM 061117Z 09005KT 1000 TSRA BR BKN006 FEW045CB 14/13 Q1001
SADM,2026-08-06 12:00,SADM 061200Z 09005KT 1000 TSRA BKN003 FEW045CB 14/13 Q1003
SADM,2026-08-06 13:00,COR SADM 061300Z 07006KT 1000 TSRA BKN004 FEW045CB 14/13 Q1001
SADM,2026-08-06 14:00,SADM 061400Z 23007KT 1000 TSRA BKN004 FEW040CB 14/14 Q1001
SADM,2026-08-06 15:00,SADM 061500Z 14005KT 1500 TSRA SCT009 FEW040CB OVC050 14/13 Q1001
SADM,2026-08-06 15:05,SADM 061505Z 21016G28KT 1500 TSRA SCT005 FEW040CB OVC050 14/13 Q0999
SADM,2026-08-06 16:00,SADM 061600Z 18011KT 9999 SCT008 BKN021 OVC100 13/11 Q1002
SADM,2026-08-06 17:00,SADM 061700Z 20016KT 9000 -RA OVC008 13/12 Q1001
SADM,2026-08-06 18:00,COR SADM 061800Z 20009KT 9999 BKN009 OVC100 13/11 Q1002
SADM,2026-08-06 19:00,SADM 061900Z 18012KT 9999 BKN014 OVC100 13/11 Q1001
SADM,2026-08-06 20:00,SADM 062000Z 23011KT 9999 BKN015 OVC100 13/11 Q1003
SADM,2026-08-06 20:17,SADM 062017Z 21012KT 0800 +DZ OVC005 13/11 Q1003
SADM,2026-08-06 20:23,SADM 062023Z COR 21024G34KT 0500 +RA OVC003 13/11 Q1004
SADM,2026-08-06 21:00,SADM 062100Z 20026KT 3000 RA BKN004 OVC050 13/12 Q1006
SADM,2026-08-06 22:00,SADM 062200Z 20021KT 8000 -RA BKN005 OVC050 13/12 Q1008
SADM,2026-08-06 23:00,SADM 062300Z 20016G26KT 9999 OVC019 09/06 Q1010
SADM,2026-08-07 00:00,SADM 070000Z 20015G25KT 9999 FEW010 OVC025 09/06 Q1011
SADM,2026-08-07 01:00,SADM 070100Z 20019KT 9999 OVC030 08/05 Q1012
SADM,2026-08-07 02:00,SADM 070200Z 20014KT 9999 FEW012 08/05 Q1013
SADM,2026-08-07 03:00,SADM 070300Z 20012KT 9999 FEW012 SCT035 07/05 Q1013
SADM,2026-08-07 04:00,SADM 070400Z 20010KT CAVOK 07/05 Q1013
SADM,2026-08-07 05:00,SADM 070500Z 23010KT CAVOK 06/04 Q1013
SADM,2026-08-07 06:00,SADM 070600Z 23010KT CAVOK 06/04 Q1013
SADM,2026-08-07 07:00,SADM 070700Z 23010KT CAVOK 05/04 Q1013
SADM,2026-08-07 08:00,SADM 070800Z 25008KT CAVOK 06/04 Q1013
SADM,2026-08-07 09:00,COR SADM 070900Z 25004KT CAVOK 05/02 Q1013
SADM,2026-08-07 10:00,SADM 071000Z 25005KT CAVOK 04/03 Q1013
SADM,2026-08-07 11:00,SADM 071100Z 24005KT CAVOK 04/03 Q1013
SADM,2026-08-07 12:00,SADM 071200Z 27006KT CAVOK 05/03 Q1014
SADM,2026-08-07 13:00,SADM 071300Z 28007KT CAVOK 07/04 Q1015
SADM,2026-08-07 14:00,SADM 071400Z 28009KT CAVOK 10/04 Q1015
SADM,2026-08-07 15:00,SADM 071500Z 27011KT CAVOK 10/04 Q1014
SADM,2026-08-07 16:00,SADM 071600Z 27011KT 9999 SCT036 12/02 Q1013
SADM,2026-08-07 17:00,SADM 071700Z 27012KT 9999 SCT040 12/01 Q1012
SADM,2026-08-07 18:00,SADM 071800Z 29013KT 9999 FEW042 13/02 Q1010
SADM,2026-08-07 19:00,SADM 071900Z 29011KT 9999 FEW042 13/01 Q1010
SADM,2026-08-07 20:00,SADM 072000Z 30013KT CAVOK 13/02 Q1009
SADM,2026-08-07 21:00,SADM 072100Z 34008KT CAVOK 12/03 Q1008
SADM,2026-08-07 22:00,SADM 072200Z 34007KT CAVOK 10/03 Q1008
SADM,2026-08-07 23:00,SADM 072300Z 36007KT CAVOK 10/03 Q1007
SADM,2026-08-08 00:00,SADM 080000Z 36007KT CAVOK 09/03 Q1007
SADM,2026-08-08 01:00,SADM 080100Z 36006KT CAVOK 08/03 Q1007
SADM,2026-08-08 02:00,SADM 080200Z 34005KT CAVOK 08/04 Q1007
SADM,2026-08-08 03:00,SADM 080300Z 34006KT CAVOK 07/04 Q1007
SADM,2026-08-08 04:00,SADM 080400Z 36005KT CAVOK 07/04 Q1007
SADM,2026-08-08 05:00,SADM 080500Z 36005KT CAVOK 07/04 Q1006
SADM,2026-08-08 06:00,SADM 080600Z 36006KT CAVOK 07/04 Q1006
SADM,2026-08-08 08:00,SADM 080800Z 34009KT CAVOK 06/04 Q1006
SADM,2026-08-08 09:00,SADM 080900Z 34009KT CAVOK 05/04 Q1006
SADM,2026-08-08 10:00,SADM 081000Z 29006KT CAVOK 06/04 Q1006
SADM,2026-08-08 11:00,SADM 081100Z 27008KT CAVOK 06/04 Q1007
SADM,2026-08-08 12:00,SADM 081200Z 25009KT CAVOK 07/03 Q1008
SADM,2026-08-08 13:00,SADM 081300Z 25009KT CAVOK 07/02 Q1009
SADM,2026-08-08 14:00,SADM 081400Z 25011KT CAVOK 09/01 Q1009
SADM,2026-08-08 15:00,SADM 081500Z 25012KT CAVOK 10/00 Q1009
SADM,2026-08-08 16:00,SADM 081600Z 25012KT CAVOK 11/00 Q1009
SADM,2026-08-08 17:00,SADM 081700Z 25012KT CAVOK 11/00 Q1009
SADM,2026-08-08 18:00,SADM 081800Z 25015KT CAVOK 12/M02 Q1009
SADM,2026-08-08 19:00,SADM 081900Z 25014KT CAVOK 14/M02 Q1009
SADM,2026-08-08 20:00,SADM 082000Z 25012KT CAVOK 12/M02 Q1010
SADM,2026-08-08 21:00,SADM 082100Z 23013KT CAVOK 11/M04 Q1011
SADM,2026-08-08 22:00,SADM 082200Z 23007KT CAVOK 10/M02 Q1011
SADM,2026-08-08 23:00,SADM 082300Z 27005KT CAVOK 09/M01 Q1013
SADM,2026-08-09 00:00,SADM 090000Z 27005KT CAVOK 08/M00 Q1013
SADM,2026-08-09 01:00,SADM 090100Z 29005KT CAVOK 07/00 Q1014
SADM,2026-08-09 02:00,SADM 090200Z 29005KT CAVOK 07/M00 Q1015
SADM,2026-08-09 03:00,SADM 090300Z 29004KT CAVOK 06/M00 Q1015
SADM,2026-08-09 04:00,SADM 090400Z 32006KT CAVOK 06/M00 Q1016
SADM,2026-08-09 05:00,SADM 090500Z 29007KT CAVOK 06/M01 Q1016
SADM,2026-08-09 06:00,SADM 090600Z 29006KT CAVOK 05/M01 Q1016
SADM,2026-08-09 07:00,SADM 090700Z 29006KT CAVOK 05/M01 Q1016
SADM,2026-08-09 08:00,SADM 090800Z 29005KT CAVOK 04/M01 Q1017
SADM,2026-08-09 09:00,SADM 090900Z 27005KT CAVOK 04/M02 Q1017
SADM,2026-08-09 10:00,SADM 091000Z 27005KT CAVOK 04/M02 Q1018
SADM,2026-08-09 11:00,SADM 091100Z 27006KT CAVOK 04/M02 Q1019
SADM,2026-08-09 12:00,SADM 091200Z 24007KT CAVOK 06/M02 Q1020
SADM,2026-08-09 13:00,SADM 091300Z 24008KT CAVOK 08/M02 Q1021
SADM,2026-08-09 14:00,SADM 091400Z 21010KT CAVOK 10/M01 Q1022
SADM,2026-08-09 15:00,SADM 091500Z 23010KT CAVOK 11/00 Q1022
SADM,2026-08-09 16:00,SADM 091600Z 25009KT CAVOK 12/01 Q1023
SADM,2026-08-09 17:00,SADM 091700Z 23012KT CAVOK 13/M01 Q1022
SADM,2026-08-09 18:00,SADM 091800Z 20015KT 9999 FEW030 13/00 Q1023
SADM,2026-08-09 19:00,SADM 091900Z 23012KT 9999 FEW030 13/M02 Q1023
SADM,2026-08-09 20:00,SADM 092000Z 23013KT CAVOK 13/M02 Q1024
SADM,2026-08-09 21:00,SADM 092100Z 20010KT CAVOK 11/M01 Q1025
SADM,2026-08-09 22:00,SADM 092200Z 20007KT CAVOK 08/M02 Q1026
SADM,2026-08-09 23:00,SADM 092300Z 20008KT CAVOK 07/M02 Q1027
SADM,2026-08-10 00:00,SADM 100000Z 18008KT CAVOK 06/M01 Q1028
SADM,2026-08-10 01:00,SADM 100100Z 20009KT CAVOK 05/M01 Q1028
SADM,2026-08-10 02:00,SADM 100200Z 20005KT CAVOK 06/01 Q1029
SADM,2026-08-10 03:00,SADM 100300Z 23004KT CAVOK 06/01 Q1032
SADM,2026-08-10 04:00,SADM 100400Z 23005KT CAVOK 05/02 Q1032
SADM,2026-08-10 05:00,SADM 100500Z 20005KT CAVOK 04/01 Q1033
SADM,2026-08-10 06:00,SADM 100600Z 20008KT CAVOK 04/01 Q1033
SADM,2026-08-10 07:00,SADM 100700Z 20009KT CAVOK 04/02 Q1033
SADM,2026-08-10 08:00,SADM 100800Z 20008KT CAVOK 04/01 Q1033
SADM,2026-08-10 09:00,SADM 100900Z 20005KT CAVOK 02/00 Q1033
SADM,2026-08-10 10:00,SADM 101000Z 20005KT CAVOK 02/M01 Q1034
SADM,2026-08-10 10:36,SADM 101036Z COR 23002KT 5000 BR NSC 02/M01 Q1034
SADM,2026-08-10 11:00,SADM 101100Z 18002KT 3000 BR NSC 01/M00 Q1035
SADM,2026-08-10 11:36,SADM 101136Z 18005KT 5000 BR NSC 01/M00 Q1035
SADM,2026-08-10 12:00,SADM 101200Z 18004KT 8000 NSC 02/M00 Q1035
SADM,2026-08-10 13:00,SADM 101300Z 16005KT CAVOK 05/M00 Q1036
SADM,2026-08-10 14:00,SADM 101400Z 14005KT CAVOK 07/M01 Q1036
SADM,2026-08-10 15:00,SADM 101500Z 14008KT CAVOK 10/M01 Q1036
SADM,2026-08-10 16:00,SADM 101600Z 14007KT CAVOK 11/M00 Q1036
SADM,2026-08-10 17:00,SADM 101700Z 16006KT CAVOK 11/M00 Q1035
SADM,2026-08-10 18:00,SADM 101800Z 16005KT CAVOK 12/M00 Q1034
SADM,2026-08-10 19:00,SADM 101900Z 16005KT CAVOK 12/M01 Q1034
SADM,2026-08-10 20:00,SADM 102000Z 14006KT CAVOK 12/M01 Q1033
SADM,2026-08-10 21:00,SADM 102100Z 14006KT CAVOK 11/M01 Q1034
SADM,2026-08-10 22:00,SADM 102200Z 09004KT CAVOK 10/01 Q1034
SADM,2026-08-10 23:00,SADM 102300Z 09004KT CAVOK 10/02 Q1034
SADM,2026-08-11 00:00,SADM 110000Z 09002KT CAVOK 09/04 Q1034
SADM,2026-08-11 01:00,SADM 110100Z 14001KT CAVOK 08/04 Q1034
SADM,2026-08-11 02:00,SADM 110200Z 14002KT CAVOK 08/05 Q1035
SADM,2026-08-11 03:00,SADM 110300Z 14003KT CAVOK 08/05 Q1034
SADM,2026-08-11 04:00,SADM 110400Z 14003KT CAVOK 07/04 Q1035
SADM,2026-08-11 05:00,SADM 110500Z 14004KT CAVOK 07/03 Q1034
SADM,2026-08-11 06:00,SADM 110600Z 09002KT 9999 FEW030 SCT200 07/03 Q1034
SADM,2026-08-11 08:00,SADM 110800Z 14002KT 9999 SCT030 BKN200 06/03 Q1033
SADM,2026-08-11 09:00,SADM 110900Z 14002KT 9999 BKN030 06/04 Q1033
SADM,2026-08-11 10:00,SADM 111000Z 14004KT 9999 BKN030 06/04 Q1033
SADM,2026-08-11 11:00,SADM 111100Z 11003KT 9000 BKN030 BKN200 07/02 Q1033
SADM,2026-08-11 12:00,SADM 111200Z 11004KT 9000 BKN032 BKN200 07/02 Q1033
SADM,2026-08-11 13:00,SADM 111300Z 13006KT 6000 BKN029 BKN200 08/02 Q1033
SADM,2026-08-11 14:00,SADM 111400Z 10006KT 6000 OVC029 09/03 Q1033
SADM,2026-08-11 15:00,SADM 111500Z 09007KT 9000 OVC026 10/03 Q1032
SADM,2026-08-11 16:00,COR SADM 111600Z 09006KT 9999 BKN028 10/04 Q1032
SADM,2026-08-11 17:00,SADM 111700Z 07008KT 9999 BKN030 11/03 Q1031
SADM,2026-08-11 18:00,SADM 111800Z 09009KT 9999 BKN028 11/04 Q1029
SADM,2026-08-11 19:00,SADM 111900Z 07008KT 9000 SCT028 BKN200 11/03 Q1029
SADM,2026-08-11 20:00,SADM 112000Z 09006KT 9000 SCT030 OVC200 11/03 Q1029
SADM,2026-08-11 21:00,SADM 112100Z 11007KT 9999 FEW028 OVC200 10/03 Q1028
SADM,2026-08-11 22:00,SADM 112200Z 09008KT 9999 FEW028 BKN200 09/02 Q1028
SADM,2026-08-11 23:00,SADM 112300Z 11007KT 9999 SCT024 SCT200 09/03 Q1028
SADM,2026-08-12 00:00,SADM 120000Z 11006KT 9999 BKN022 09/03 Q1028
SADM,2026-08-12 01:00,SADM 120100Z 11006KT 9999 SCT025 08/03 Q1027
SADM,2026-08-12 02:00,SADM 120200Z 14006KT 9999 SCT025 08/04 Q1027
SADM,2026-08-12 03:00,SADM 120300Z 13005KT 9999 BKN019 07/04 Q1027
SADM,2026-08-12 04:00,SADM 120400Z 13004KT 9999 OVC019 08/04 Q1027
SADM,2026-08-12 05:00,SADM 120500Z 09003KT 9999 BKN019 OVC200 09/03 Q1026
SADM,2026-08-12 06:00,SADM 120600Z 07008KT 9999 BKN019 OVC200 09/06 Q1025
SADM,2026-08-12 07:00,SADM 120700Z 09007KT 9999 BKN019 OVC200 10/06 Q1025
SADM,2026-08-12 08:00,SADM 120800Z 09006KT 9999 FEW019 OVC200 09/06 Q1024
SADM,2026-08-12 09:00,SADM 120900Z 09005KT 9999 BKN019 OVC200 09/06 Q1024
SADM,2026-08-12 10:00,SADM 121000Z 11004KT 9999 FEW019 OVC200 09/06 Q1023
SADM,2026-08-12 11:00,SADM 121100Z 11006KT CAVOK 09/06 Q1023
SADM,2026-08-12 12:00,SADM 121200Z 11004KT CAVOK 08/05 Q1023
SADM,2026-08-12 13:00,SADM 121300Z 14008KT 9999 BKN017 SCT100 OVC200 09/06 Q1023
SADM,2026-08-12 14:00,SADM 121400Z 14007KT 9999 BKN020 OVC200 10/06 Q1023
SADM,2026-08-12 15:00,SADM 121500Z 11008KT 9999 OVC020 11/07 Q1023
SADM,2026-08-12 16:00,SADM 121600Z 16009KT 9999 OVC018 11/07 Q1023
SADM,2026-08-12 17:00,SADM 121700Z 16009KT 9999 OVC022 11/07 Q1022
SADM,2026-08-12 18:00,SADM 121800Z 14010KT 9999 BKN017 BKN200 12/07 Q1021
SADM,2026-08-12 19:00,SADM 121900Z 14011KT 9999 OVC019 11/07 Q1020
SADM,2026-08-12 20:00,SADM 122000Z 14009KT 9999 BKN025 OVC200 11/07 Q1020
SADM,2026-08-12 21:00,SADM 122100Z 14009KT 9999 BKN017 BKN200 10/07 Q1021
SADM,2026-08-12 22:00,SADM 122200Z 14009KT 9999 OVC019 11/07 Q1021
SADM,2026-08-12 23:00,SADM 122300Z 14011KT 9999 OVC017 09/06 Q1021
SADM,2026-08-13 00:00,SADM 130000Z 14010KT 9999 OVC015 09/06 Q1023
SADM,2026-08-13 01:00,SADM 130100Z 14008KT 9999 OVC015 09/06 Q1023
SADM,2026-08-13 02:00,SADM 130200Z 14010KT 9999 OVC016 09/06 Q1023
SADM,2026-08-13 03:00,SADM 130300Z 14011KT 9999 OVC016 08/06 Q1023
SADM,2026-08-13 04:00,SADM 130400Z 14010KT 9999 OVC015 08/05 Q1023
SADM,2026-08-13 05:00,SADM 130500Z 14007KT 9999 OVC015 08/05 Q1023
SADM,2026-08-13 06:00,SADM 130600Z 14010KT 9999 OVC016 08/05 Q1023
SADM,2026-08-13 07:00,SADM 130700Z 14009KT 9999 OVC016 08/05 Q1023
SADM,2026-08-13 08:00,SADM 130800Z 14007KT 9999 OVC018 08/06 Q1023
SADM,2026-08-13 09:00,SADM 130900Z 14008KT 9999 OVC020 08/06 Q1023
SADM,2026-08-13 10:00,SADM 131000Z 14009KT 9999 OVC020 08/06 Q1023
SADM,2026-08-13 11:00,SADM 131100Z 14006KT 9999 OVC025 08/04 Q1025
SADM,2026-08-13 12:00,SADM 131200Z 16008KT 9999 OVC026 07/05 Q1026
SADM,2026-08-13 13:00,SADM 131300Z 16006KT 9999 OVC027 08/02 Q1026
SADM,2026-08-13 14:00,SADM 131400Z 14007KT 9999 BKN022 OVC100 09/04 Q1026
SADM,2026-08-13 15:00,SADM 131500Z 14008KT 9999 OVC020 09/05 Q1026
SADM,2026-08-13 16:00,SADM 131600Z 14009KT 9999 OVC021 10/05 Q1025
SADM,2026-08-13 17:00,SADM 131700Z 14008KT 9999 OVC024 10/05 Q1025
SADM,2026-08-13 18:00,SADM 131800Z 14008KT 9999 OVC023 10/05 Q1025
SADM,2026-08-13 19:00,SADM 131900Z 14006KT 9999 BKN022 OVC100 10/06 Q1025
SADM,2026-08-13 20:00,SADM 132000Z 14007KT 8000 FEW019 OVC100 10/06 Q1026
SADM,2026-08-13 21:00,SADM 132100Z 14007KT 5000 -RA BR FEW018 OVC100 10/06 Q1026
SADM,2026-08-13 21:18,SADM 132118Z 14004KT 3000 RA BR SCT030 OVC050 10/06 Q1026
SADM,2026-08-13 22:00,SADM 132200Z 14005KT 3000 -RA BR SCT037 OVC050 10/07 Q1026
SADM,2026-08-13 23:00,SADM 132300Z 14005KT 5000 BR FEW015 OVC100 10/07 Q1026
SADM,2026-08-14 00:00,SADM 140000Z 11005KT 5000 -RA BR FEW015 OVC100 10/07 Q1026
SADM,2026-08-14 01:00,SADM 140100Z 11005KT 8000 FEW015 OVC100 10/07 Q1026
SADM,2026-08-14 02:00,SADM 140200Z 09003KT 8000 FEW019 OVC100 10/08 Q1026
SADM,2026-08-14 03:00,SADM 140300Z 11002KT 8000 FEW018 OVC100 10/07 Q1026
SADM,2026-08-14 04:00,SADM 140400Z 11004KT 8000 NSC 10/07 Q1026
SADM,2026-08-14 05:00,SADM 140500Z 14006KT 8000 SCT035 OVC100 10/08 Q1025
SADM,2026-08-14 06:00,SADM 140600Z 09002KT 8000 BKN049 OVC100 10/08 Q1025
SADM,2026-08-14 07:00,SADM 140700Z 09002KT 4000 -DZ BR BKN010 OVC100 10/08 Q1025
SADM,2026-08-14 08:00,SADM 140800Z 05004KT 2500 -DZ BR BKN010 OVC100 10/08 Q1025
SADM,2026-08-14 09:00,SADM 140900Z 09004KT 4000 BR BKN010 OVC020 10/09 Q1025
SADM,2026-08-14 10:00,SADM 141000Z 07004KT 4000 BR BKN010 OVC028 11/08 Q1025
SADM,2026-08-14 11:00,SADM 141100Z 07006KT 4000 -DZ BKN008 OVC014 11/09 Q1025
SADM,2026-08-14 12:00,SADM 141200Z 07007KT 3000 -DZ OVC007 11/09 Q1025
SADM,2026-08-14 13:00,SADM 141300Z 07007KT 3000 -DZ OVC007 11/10 Q1025
SADM,2026-08-14 14:00,SADM 141400Z 07008KT 2000 DZ BR OVC008 11/10 Q1025
SADM,2026-08-14 15:00,SADM 141500Z 07007KT 3000 -DZ BR OVC008 12/10 Q1024
SADM,2026-08-14 16:00,SADM 141600Z 05006KT 2000 DZ BR OVC008 12/11 Q1024
SADM,2026-08-14 17:00,SADM 141700Z 05005KT 3000 -DZ BR OVC008 12/11 Q1023
SADM,2026-08-14 18:00,SADM 141800Z 07005KT 2000 -DZ BR OVC004 12/11 Q1022
SADM,2026-08-14 19:00,SADM 141900Z 07004KT 2000 -DZ BR BKN006 OVC012 12/12 Q1022
SADM,2026-08-14 20:00,SADM 142000Z 09005KT 2000 -DZ BR OVC004 12/11 Q1022
SADM,2026-08-14 21:00,SADM 142100Z 09005KT 2000 -DZ BR OVC008 12/11 Q1022
SADM,2026-08-14 22:00,SADM 142200Z 09006KT 4000 BR OVC006 12/12 Q1021
SADM,2026-08-14 23:00,SADM 142300Z 09004KT 9999 FEW007 SCT023 13/10 Q1022
SADM,2026-08-15 00:00,SADM 150000Z 07003KT 9999 OVC026 12/11 Q1022
SADM,2026-08-15 01:00,SADM 150100Z 09005KT 9999 SCT041 13/11 Q1021
SADM,2026-08-15 02:00,SADM 150200Z 09005KT 9999 OVC040 12/11 Q1021
SADM,2026-08-15 03:00,SADM 150300Z 09003KT 9999 BKN047 13/12 Q1021
SADM,2026-08-15 04:00,SADM 150400Z 09004KT 9999 BKN038 13/12 Q1021
SADM,2026-08-15 05:00,SADM 150500Z 07006KT 9999 OVC036 14/11 Q1021
SADM,2026-08-15 06:00,SADM 150600Z 07010G20KT 9999 FEW037 14/11 Q1020
SADM,2026-08-15 07:00,SADM 150700Z 07009KT 9999 OVC014 14/11 Q1019
SADM,2026-08-15 08:00,SADM 150800Z 05008KT 9999 OVC010 14/11 Q1019
SADM,2026-08-15 09:00,SADM 150900Z 05007KT 9999 OVC010 13/11 Q1018
SADM,2026-08-15 10:00,SADM 151000Z 07007KT 9999 OVC014 14/11 Q1018
SADM,2026-08-15 11:00,SADM 151100Z 05006KT 9999 OVC012 14/11 Q1019
SADM,2026-08-15 12:00,SADM 151200Z 09005KT 9999 BKN008 OVC012 14/12 Q1018
SADM,2026-08-15 13:00,SADM 151300Z 05005KT 9999 BKN008 OVC012 14/12 Q1018
SADM,2026-08-15 14:00,SADM 151400Z 05007KT 9999 BKN008 OVC012 14/12 Q1017
SADM,2026-08-15 15:00,SADM 151500Z 05008KT 9999 BKN008 OVC012 15/12 Q1017
SADM,2026-08-15 16:00,SADM 151600Z 05009KT 9999 BKN010 OVC012 15/12 Q1016
SADM,2026-08-15 17:00,SADM 151700Z 05005KT 9999 BKN010 OVC012 15/13 Q1014
SADM,2026-08-15 17:42,SADM 151742Z 09005KT 9999 BKN008 OVC012 15/13 Q1014
SADM,2026-08-15 18:00,SADM 151800Z 05004KT 4000 OVC008 15/13 Q1014
SADM,2026-08-15 19:00,SADM 151900Z 09003KT 4000 BR BKN008 OVC012 14/13 Q1013
SADM,2026-08-15 20:00,SADM 152000Z 05004KT 4000 BR BKN008 OVC012 14/13 Q1012
SADM,2026-08-15 21:00,SADM 152100Z 05004KT 3000 -DZBR OVC008 14/13 Q1012
SADM,2026-08-15 22:00,SADM 152200Z 09002KT 4000 BR OVC007 14/13 Q1012
SADM,2026-08-15 23:00,SADM 152300Z 09005KT 4000 -DZBR OVC006 15/14 Q1012
SADM,2026-08-16 00:00,SADM 160000Z 09001KT 4000 -DZBR OVC012 15/14 Q1013
SADM,2026-08-16 01:00,SADM 160100Z 05001KT 3000 -DZBR OVC008 15/15 Q1013
SADM,2026-08-16 02:00,SADM 160200Z 02004KT 5000 BR OVC010 15/15 Q1013
SADM,2026-08-16 03:00,SADM 160300Z 02003KT 9000 BKN014 OVC100 15/14 Q1012
SADM,2026-08-16 04:00,SADM 160400Z 02005KT 9000 SCT014 OVC100 15/14 Q1012
SADM,2026-08-16 05:00,SADM 160500Z 36007KT 9000 SCT005 OVC038 15/14 Q1012
SADM,2026-08-16 06:00,SADM 160600Z 32006KT 9000 SCT005 OVC030 15/14 Q1013
SADM,2026-08-16 07:00,SADM 160700Z 32004KT 9000 FEW006 OVC040 14/14 Q1012
SADM,2026-08-16 08:00,SADM 160800Z 32002KT 9000 SCT040 BKN200 14/13 Q1012
SADM,2026-08-16 09:00,SADM 160900Z 34003KT 9000 FEW009 BKN200 14/13 Q1011
SADM,2026-08-16 10:00,SADM 161000Z 34002KT 5000 BR OVC007 13/13 Q1010
SADM,2026-08-16 11:00,SADM 161100Z 32002KT 3000 BR OVC006 13/13 Q1011
SADM,2026-08-16 12:00,SADM 161200Z 29004KT 4000 BR OVC005 14/13 Q1012
SADM,2026-08-16 13:00,SADM 161300Z 29004KT 5000 BR BKN005 OVC035 14/13 Q1011
SADM,2026-08-16 14:00,SADM 161400Z 32002KT 9999 SCT040 15/13 Q1011
SADM,2026-08-16 15:00,SADM 161500Z 23004KT 9999 FEW012 SCT040 BKN100 16/13 Q1011
SADM,2026-08-16 16:00,SADM 161600Z 27003KT 9999 BKN040 OVC100 17/14 Q1011
SADM,2026-08-16 17:00,SADM 161700Z 27007KT 9999 BKN040 OVC100 16/15 Q1011
SADM,2026-08-16 18:00,SADM 161800Z 20005KT 9999 BKN035 OVC100 16/13 Q1010
SADM,2026-08-16 19:00,SADM 161900Z 23007KT 9999 SCT018 BKN035 OVC100 16/13 Q1010
SADM,2026-08-16 20:00,SADM 162000Z 20010KT 9999 SCT015 BKN100 17/13 Q1010
SADM,2026-08-16 21:00,SADM 162100Z 20006KT 9999 SCT018 BKN100 16/13 Q1010
SADM,2026-08-16 22:00,SADM 162200Z 20006KT 9999 SCT035 14/11 Q1011
SADM,2026-08-16 23:00,SADM 162300Z 18003KT 3500 FU OVC028 15/13 Q1012
SADM,2026-08-17 00:00,SADM 170000Z 14004KT 9999 OVC031 16/13 Q1013
SADM,2026-08-17 01:00,SADM 170100Z 14004KT CAVOK 16/13 Q1014
SADM,2026-08-17 02:00,SADM 170200Z 14004KT 9999 BKN028 15/13 Q1014
SADM,2026-08-17 03:00,SADM 170300Z 12002KT 9999 OVC029 15/13 Q1015
SADM,2026-08-17 04:00,SADM 170400Z 20007KT 9999 OVC026 14/13 Q1015
SADM,2026-08-17 05:00,SADM 170500Z 14007KT 9999 BKN031 14/12 Q1015
SADM,2026-08-17 06:00,SADM 170600Z 16006KT 9999 FEW031 BKN100 14/12 Q1015
SADM,2026-08-17 07:00,SADM 170700Z 18010KT 9999 FEW012 BKN100 BKN200 14/12 Q1014
SADM,2026-08-17 08:00,SADM 170800Z 11011KT 9999 FEW012 SCT100 BKN200 13/12 Q1013
SADM,2026-08-17 09:00,SADM 170900Z 14008KT CAVOK 13/11 Q1014
SADM,2026-08-17 10:00,SADM 171000Z 14013KT 9999 OVC011 12/11 Q1016
SADM,2026-08-17 11:00,SADM 171100Z 14010KT 9999 OVC013 11/10 Q1016
SADM,2026-08-17 12:00,SADM 171200Z 14010KT 9999 OVC013 12/09 Q1017
SADM,2026-08-17 13:00,SADM 171300Z 16010KT 9999 OVC010 12/09 Q1018
SADM,2026-08-17 14:00,SADM 171400Z 16010KT 9999 OVC010 13/10 Q1018
SADM,2026-08-17 15:00,COR SADM 171500Z 14013KT 9999 OVC010 12/10 Q1018
SADM,2026-08-17 16:00,SADM 171600Z 14011KT 9999 OVC014 12/09 Q1018
SADM,2026-08-17 17:00,SADM 171700Z 14010KT 9999 OVC019 11/09 Q1017
SADM,2026-08-17 18:00,SADM 171800Z 16013KT 9999 OVC017 11/09 Q1016
SADM,2026-08-17 19:00,SADM 171900Z 16011KT 9999 OVC019 12/09 Q1018
SADM,2026-08-17 20:00,SADM 172000Z 14011KT 9999 OVC019 12/08 Q1019
SADM,2026-08-17 21:00,SADM 172100Z 16011KT 9999 OVC024 12/09 Q1018
SADM,2026-08-17 22:00,SADM 172200Z 16013KT 9999 OVC021 12/08 Q1018
SADM,2026-08-17 23:00,SADM 172300Z 16014KT 9999 OVC019 12/08 Q1019
SADM,2026-08-18 00:00,SADM 180000Z 14014KT 9999 OVC021 12/07 Q1019
SADM,2026-08-18 01:00,SADM 180100Z 14014KT 9999 OVC018 11/06 Q1021
SADM,2026-08-18 02:00,SADM 180200Z 16016KT 9999 BKN014 OVC019 10/07 Q1020
SADM,2026-08-18 03:00,SADM 180300Z 16013KT 9999 OVC012 09/06 Q1020
SADM,2026-08-18 04:00,SADM 180400Z 16014KT 9999 OVC012 09/06 Q1020
SADM,2026-08-18 05:00,SADM 180500Z 16013KT 9999 OVC012 09/05 Q1020
SADM,2026-08-18 06:00,SADM 180600Z 14011KT 9999 OVC009 08/05 Q1020
SADM,2026-08-18 07:00,SADM 180700Z 14010KT 9999 OVC009 08/06 Q1021
SADM,2026-08-18 08:00,SADM 180800Z 16013KT 9999 OVC006 08/06 Q1020
SADM,2026-08-18 09:00,SADM 180900Z 16013KT 9999 OVC012 08/05 Q1020
SADM,2026-08-18 10:00,SADM 181000Z 16011KT 9999 OVC009 08/05 Q1020
SADM,2026-08-18 11:00,SADM 181100Z 16008KT 9999 OVC009 08/05 Q1021
SADM,2026-08-18 12:00,SADM 181200Z 14011KT 9999 BKN009 OVC010 08/05 Q1022
SADM,2026-08-18 12:22,SADM 181222Z 15009KT 9999 FEW009 BKN010 OVC011 08/05 Q1022
SADM,2026-08-18 13:00,SADM 181300Z 14010KT 9999 BKN011 OVC013 08/05 Q1022
SADM,2026-08-18 14:00,SADM 181400Z 14010KT 9999 SCT014 OVC100 09/04 Q1023
SADM,2026-08-18 15:00,SADM 181500Z 14009KT 9999 SCT015 OVC100 10/05 Q1022
SADM,2026-08-18 16:00,SADM 181600Z 18008KT 9999 BKN018 OVC100 10/06 Q1023
SADM,2026-08-18 17:00,SADM 181700Z 16009KT 9999 BKN018 OVC100 11/06 Q1023
SADM,2026-08-18 18:00,SADM 181800Z 14008KT 9999 BKN020 OVC100 11/06 Q1022
SADM,2026-08-18 19:00,SADM 181900Z 14007KT 9999 BKN021 SCT100 OVC200 12/06 Q1022
SADM,2026-08-18 20:00,SADM 182000Z 14005KT 9999 SCT022 BKN200 12/06 Q1022
SADM,2026-08-18 21:00,SADM 182100Z 15008KT 9999 FEW025 FEW100 BKN200 11/05 Q1022
SADM,2026-08-18 22:00,SADM 182200Z 14008KT CAVOK 11/05 Q1022
SADM,2026-08-18 23:00,SADM 182300Z 14005KT CAVOK 10/06 Q1023
SADM,2026-08-19 00:00,SADM 190000Z 14006KT CAVOK 10/06 Q1024
SADM,2026-08-19 01:00,SADM 190100Z 12003KT CAVOK 10/06 Q1024
SADM,2026-08-19 02:00,SADM 190200Z 14004KT CAVOK 10/05 Q1024
SADM,2026-08-19 03:00,SADM 190300Z 12004KT CAVOK 09/06 Q1023
SADM,2026-08-19 04:00,SADM 190400Z 14002KT CAVOK 09/06 Q1023
SADM,2026-08-19 05:00,SADM 190500Z 16002KT CAVOK 08/05 Q1023
SADM,2026-08-19 06:00,SADM 190600Z 18004KT CAVOK 06/04 Q1023
SADM,2026-08-19 07:00,SADM 190700Z 20003KT 5000 BR NSC 05/05 Q1024
SADM,2026-08-19 07:20,SADM 190720Z 18003KT 3000 MIFG BR NSC 05/05 Q1023
SADM,2026-08-19 08:00,SADM 190800Z 18002KT 1500 MIFG BR NSC 04/03 Q1023
SADM,2026-08-19 09:00,SADM 190900Z 18003KT 1000 MIFG BR NSC 03/02 Q1023
SADM,2026-08-19 10:00,SADM 191000Z 18001KT 0800 FG NSC 03/02 Q1024
SADM,2026-08-19 10:52,SADM 191052Z 00000KT 1500 BR NSC 03/02 Q1024
SADM,2026-08-19 11:00,SADM 191100Z 14002KT 2500 BR NSC 04/03 Q1024
SADM,2026-08-19 12:00,SADM 191200Z 14005KT 4000 FU NSC 07/05 Q1024
SADM,2026-08-19 12:22,SADM 191222Z 14005KT 8000 NSC 07/05 Q1025
SADM,2026-08-19 13:00,SADM 191300Z 12005KT CAVOK 09/06 Q1025
SADM,2026-08-19 14:00,SADM 191400Z 09006KT CAVOK 11/06 Q1024
SADM,2026-08-19 15:00,SADM 191500Z 09004KT CAVOK 13/06 Q1024
SADM,2026-08-19 16:00,SADM 191600Z 15004KT CAVOK 15/05 Q1023
SADM,2026-08-19 17:00,SADM 191700Z 14003KT CAVOK 15/05 Q1022
SADM,2026-08-19 18:00,SADM 191800Z 07003KT CAVOK 16/04 Q1021
SADM,2026-08-19 19:00,SADM 191900Z 09003KT CAVOK 16/03 Q1020
SADM,2026-08-19 20:00,SADM 192000Z 05003KT CAVOK 16/00 Q1020
SADM,2026-08-19 21:00,SADM 192100Z 05004KT CAVOK 16/01 Q1021
SADM,2026-08-19 22:00,SADM 192200Z 05005KT CAVOK 14/05 Q1021
SADM,2026-08-19 23:00,SADM 192300Z 09003KT CAVOK 13/06 Q1020
SADM,2026-08-20 00:00,SADM 200000Z 09002KT CAVOK 12/06 Q1020
SADM,2026-08-20 01:00,SADM 200100Z 09002KT CAVOK 11/06 Q1020
SADM,2026-08-20 02:00,SADM 200200Z 09002KT CAVOK 10/05 Q1020
SADM,2026-08-20 03:00,SADM 200300Z 09002KT CAVOK 09/05 Q1019
SADM,2026-08-20 04:00,SADM 200400Z 09003KT CAVOK 08/04 Q1019
SADM,2026-08-20 06:00,COR SADM 200600Z 18001KT CAVOK 06/04 Q1017
SADM,2026-08-20 07:00,SADM 200700Z 00000KT CAVOK 06/03 Q1016
SADM,2026-08-20 08:00,SADM 200800Z 18001KT CAVOK 05/03 Q1016
SADM,2026-08-20 09:00,SADM 200900Z 18004KT CAVOK 05/03 Q1015
SADM,2026-08-20 10:00,SADM 201000Z 20006KT 5000 BR FU NSC 06/05 Q1016
SADM,2026-08-20 10:15,SADM 201015Z 19007KT 1500 BR FU NSC 06/05 Q1016
SADM,2026-08-20 11:00,SADM 201100Z 20003KT 0200 FG FU OVC001 06/06 Q1016
SADM,2026-08-20 12:00,SADM 201200Z 20001KT 0200 FG BKN002 BKN200 07/07 Q1016
SADM,2026-08-20 12:20,SADM 201220Z 30001KT 0800 FG BKN002 BKN200 07/07 Q1016
SADM,2026-08-20 13:00,SADM 201300Z 20002KT 3000 BR SCT006 BKN200 09/08 Q1016
SADM,2026-08-20 14:00,SADM 201400Z 20004KT 4000 BR NSC 11/06 Q1015
SADM,2026-08-20 15:00,SADM 201500Z 23004KT 8000 NSC 13/03 Q1014
SADM,2026-08-20 16:00,SADM 201600Z 23008KT 6000 NSC 15/04 Q1013
SADM,2026-08-20 17:00,SADM 201700Z 27005KT 9000 NSC 16/04 Q1012
SADM,2026-08-20 18:00,SADM 201800Z 27007KT CAVOK 17/04 Q1010
SADM,2026-08-20 19:00,SADM 201900Z 23011KT CAVOK 18/03 Q1010
SADM,2026-08-20 20:00,SADM 202000Z 24009KT CAVOK 19/06 Q1011
SADM,2026-08-20 21:00,SADM 202100Z 23009KT CAVOK 18/05 Q1011
SADM,2026-08-20 22:00,SADM 202200Z 19007KT CAVOK 13/06 Q1012
SADM,2026-08-20 23:00,SADM 202300Z 20007KT CAVOK 13/07 Q1013
SADM,2026-08-21 00:00,SADM 210000Z 18015G27KT CAVOK 13/07 Q1015
SADM,2026-08-21 01:00,SADM 210100Z 16016KT CAVOK 12/07 Q1017
SADM,2026-08-21 02:00,SADM 210200Z 16013KT CAVOK 11/07 Q1017
SADM,2026-08-21 03:00,SADM 210300Z 16014KT CAVOK 10/06 Q1018
SADM,2026-08-21 04:00,SADM 210400Z 18012KT CAVOK 10/06 Q1019
SADM,2026-08-21 05:00,SADM 210500Z 18011KT CAVOK 09/05 Q1020
SADM,2026-08-21 06:00,SADM 210600Z 18010KT CAVOK 09/05 Q1020
SADM,2026-08-21 07:00,SADM 210700Z 18006KT CAVOK 07/03 Q1020
SADM,2026-08-21 08:00,SADM 210800Z 20006KT CAVOK 06/02 Q1021
SADM,2026-08-21 09:00,SADM 210900Z 20008KT CAVOK 06/02 Q1021
SADM,2026-08-21 10:00,SADM 211000Z 20006KT CAVOK 06/02 Q1022
SADM,2026-08-21 11:00,SADM 211100Z 20007KT CAVOK 04/02 Q1023
